-- phpMyAdmin SQL Dump
-- version 4.9.5
-- https://www.phpmyadmin.net/
--
-- Host: localhost:3306
-- Generation Time: Oct 20, 2021 at 11:54 AM
-- Server version: 5.7.35-cll-lve
-- PHP Version: 7.3.27

SET SQL_MODE = "NO_AUTO_VALUE_ON_ZERO";
SET AUTOCOMMIT = 0;
START TRANSACTION;
SET time_zone = "+00:00";


/*!40101 SET @OLD_CHARACTER_SET_CLIENT=@@CHARACTER_SET_CLIENT */;
/*!40101 SET @OLD_CHARACTER_SET_RESULTS=@@CHARACTER_SET_RESULTS */;
/*!40101 SET @OLD_COLLATION_CONNECTION=@@COLLATION_CONNECTION */;
/*!40101 SET NAMES utf8mb4 */;

--
-- Database: `shreeganeshcateringservices`
--

-- --------------------------------------------------------

--
-- Table structure for table `admin`
--

CREATE TABLE `admin` (
  `admin_id` int(20) NOT NULL,
  `role_id` int(20) DEFAULT NULL,
  `status` enum('Active','Inactive') COLLATE utf8_unicode_ci NOT NULL DEFAULT 'Active',
  `status_at` datetime DEFAULT NULL,
  `created_at` datetime DEFAULT NULL,
  `updated_at` datetime DEFAULT NULL,
  `auth_key` varchar(100) COLLATE utf8_unicode_ci NOT NULL,
  `secret_key` mediumtext COLLATE utf8_unicode_ci NOT NULL,
  `access_key` mediumtext COLLATE utf8_unicode_ci NOT NULL,
  `refresh_key` mediumtext COLLATE utf8_unicode_ci NOT NULL,
  `first_name` varchar(100) COLLATE utf8_unicode_ci NOT NULL,
  `last_name` varchar(100) COLLATE utf8_unicode_ci NOT NULL,
  `middle_name` varchar(100) COLLATE utf8_unicode_ci NOT NULL,
  `username` varchar(30) COLLATE utf8_unicode_ci NOT NULL,
  `email_id` varchar(100) COLLATE utf8_unicode_ci NOT NULL,
  `mobile_number` varchar(20) COLLATE utf8_unicode_ci NOT NULL,
  `password` varchar(100) COLLATE utf8_unicode_ci NOT NULL,
  `password_reset_token` varchar(100) COLLATE utf8_unicode_ci NOT NULL,
  `verification_token` varchar(100) COLLATE utf8_unicode_ci NOT NULL,
  `avatar` varchar(50) COLLATE utf8_unicode_ci NOT NULL,
  `profile_video` varchar(50) COLLATE utf8_unicode_ci NOT NULL,
  `email_verify` enum('No','Yes') COLLATE utf8_unicode_ci NOT NULL DEFAULT 'No',
  `mobile_number_verify` enum('No','Yes') COLLATE utf8_unicode_ci NOT NULL DEFAULT 'No',
  `email_otp` int(6) DEFAULT NULL,
  `mobile_number_otp` int(6) DEFAULT NULL,
  `emergency_mobile_number` varchar(20) COLLATE utf8_unicode_ci NOT NULL,
  `gender` enum('','Male','Female','Other') COLLATE utf8_unicode_ci NOT NULL,
  `birthdate` date DEFAULT NULL,
  `religion_id` int(20) DEFAULT NULL,
  `about_me` mediumtext COLLATE utf8_unicode_ci NOT NULL,
  `description` mediumtext COLLATE utf8_unicode_ci NOT NULL,
  `society` varchar(255) COLLATE utf8_unicode_ci NOT NULL,
  `ip_address` varchar(32) COLLATE utf8_unicode_ci DEFAULT NULL
) ENGINE=InnoDB DEFAULT CHARSET=utf8 COLLATE=utf8_unicode_ci;

--
-- Dumping data for table `admin`
--

INSERT INTO `admin` (`admin_id`, `role_id`, `status`, `status_at`, `created_at`, `updated_at`, `auth_key`, `secret_key`, `access_key`, `refresh_key`, `first_name`, `last_name`, `middle_name`, `username`, `email_id`, `mobile_number`, `password`, `password_reset_token`, `verification_token`, `avatar`, `profile_video`, `email_verify`, `mobile_number_verify`, `email_otp`, `mobile_number_otp`, `emergency_mobile_number`, `gender`, `birthdate`, `religion_id`, `about_me`, `description`, `society`, `ip_address`) VALUES
(1, 1, 'Active', NULL, NULL, NULL, '', '', '', '', 'Maulik', 'Patel', 'Bharatbhai', 'maulikpatel240', 'maulikpatel240@gmail.com', '6354800439', '$2y$13$P1O7LTo.IDHD2S5kkBGbpeVt8JKjKnjEsxxcC2ny3.hBEf/qs10Bi', '', '', '', '', 'Yes', 'Yes', NULL, NULL, '9624810855', 'Male', NULL, 2, '', '', '', NULL),
(2, 2, 'Active', NULL, NULL, NULL, '', '', '', '', 'dhruvil', 'Upadhyay', '', 'dhruvilup', 'dhruvilup@gmail.com', '9601609006', '$2y$13$5esTBvsAY69xfs1FNUW.6OkEMwtqfWzNAPhMzssAWXCPSy9j.pXJq', '', '', '', '', 'Yes', 'Yes', NULL, NULL, '9624810855', 'Male', NULL, 2, '', '', '', NULL);

-- --------------------------------------------------------

--
-- Table structure for table `booking`
--

CREATE TABLE `booking` (
  `id` int(11) NOT NULL,
  `booking_id` varchar(10) NOT NULL,
  `name` varchar(100) NOT NULL,
  `email` varchar(100) NOT NULL,
  `phone` varchar(16) NOT NULL,
  `mobile` varchar(16) NOT NULL,
  `datetime` datetime NOT NULL,
  `people` int(10) NOT NULL,
  `message` text NOT NULL,
  `status` enum('Pending','Booked','Approved','Partial','Paid') NOT NULL DEFAULT 'Pending',
  `status_at` datetime DEFAULT NULL,
  `created_at` datetime DEFAULT NULL,
  `updated_at` datetime DEFAULT NULL,
  `menu` text NOT NULL,
  `total_price` float(10,2) DEFAULT NULL,
  `payment_type` enum('','Partial','Full') NOT NULL DEFAULT '',
  `partial_price` float(10,2) DEFAULT NULL,
  `total_pay_price` float(10,2) DEFAULT NULL,
  `paid_at` datetime DEFAULT NULL
) ENGINE=InnoDB DEFAULT CHARSET=utf8mb4;

--
-- Dumping data for table `booking`
--

INSERT INTO `booking` (`id`, `booking_id`, `name`, `email`, `phone`, `mobile`, `datetime`, `people`, `message`, `status`, `status_at`, `created_at`, `updated_at`, `menu`, `total_price`, `payment_type`, `partial_price`, `total_pay_price`, `paid_at`) VALUES
(1, 'GC0001', 'ketenbhai badshah', 'sgcvinod@gmail.com', '098-254-6897', '987-917-8091', '2021-10-23 06:00:00', 300, 'matrushri farm motavaracha', 'Booked', '2021-10-11 08:23:42', '2021-10-11 08:23:42', '2021-10-20 23:34:34', '20,21,25,30,4,9,22,10,11,12,14,15,16,17,19,23,24,26,27,28', 451.00, '', NULL, NULL, NULL),
(5, 'GC0005', 'pappubhai motavar', '', '971-293-3933', '971-293-3933', '2021-11-17 17:30:00', 400, 'motavaracha', 'Booked', '2021-10-14 15:20:31', '2021-10-14 15:20:31', '2021-10-20 23:34:28', '20,21,4,97,51,103,23,24,26,79', 94000.00, '', NULL, NULL, NULL),
(6, 'GC0006', 'ritesbhai bhatrijo', 'sgcvinod@gmail.com', '098-254-6897', '098-254-6897', '2021-10-21 11:00:00', 150, 'savare 11=00 am', 'Booked', '2021-10-14 23:04:43', '2021-10-14 23:04:43', '2021-10-20 23:34:22', '20,29,3,36,106,43,44,38,105', 175.00, '', NULL, NULL, NULL),
(7, 'GC0007', 'girishbhai karanpark hastak', '', '942-615-9922', '942-615-9922', '2021-10-27 18:00:00', 160, 'rasoi goddod rod telephon quaters ma banavi', 'Paid', '2021-10-16 08:52:55', '2021-10-16 08:52:55', '2021-10-16 08:55:12', '1,8,20,29,3,32,51,109,28,38,80', 225.00, 'Full', 0.00, 225.00, '2021-10-16 08:57:13'),
(10, 'GC0010', 'bharatbhai natali', '', '982-542-5490', '982-542-5490', '2021-11-21 12:30:00', 400, 'home', 'Booked', '2021-10-17 14:37:17', '2021-10-17 14:37:17', '2021-10-20 23:34:10', '8,25,39,40,154,156,114,115,131,155,153,26,28,139,113,128', 1.00, '', NULL, NULL, NULL),
(11, 'GC0011', 'saritbhai motavaracha', '', '982-510-7555', '982-510-7555', '2021-10-15 12:30:00', 100, 'dayalji ashram', 'Booked', '2021-10-17 19:43:13', '2021-10-17 19:43:13', '2021-10-20 23:34:04', '1,8,20,21,25,59,82,28,105', 12000.00, '', NULL, NULL, NULL),
(12, 'GC0012', 'sanjaybhai motavaracha', 'sgcvinod@gmail.com', '098-254-6897', '098-254-6897', '2021-10-22 12:00:00', 50, 'dayalji ashram', 'Booked', '2021-10-20 06:47:17', '2021-10-20 06:47:17', '2021-10-20 23:33:27', '1,8,20,2,32,66,26,105', 186.00, '', NULL, NULL, NULL),
(13, 'GC0013', 'bharatbhai g natali', 'sgcvinod@gmail.com', '098-254-6897', '098-254-2549', '2021-11-21 19:00:00', 700, 'laxmi vadi', 'Booked', '2021-10-20 21:29:00', '2021-10-20 21:29:00', '2021-10-20 23:33:19', '25,39,41,6,9,151,152,162,12,158,15,164,125,126,161,23,24,28,139,47,48,124,116,118,119,117,165,166,167,168,128', 11.00, '', NULL, NULL, NULL);

-- --------------------------------------------------------

--
-- Table structure for table `booking_items`
--

CREATE TABLE `booking_items` (
  `id` int(20) NOT NULL,
  `booking_id` int(20) NOT NULL,
  `menu_category_id` int(20) DEFAULT NULL,
  `menu_id` int(20) DEFAULT NULL,
  `menu_list` text NOT NULL,
  `item_id` int(20) NOT NULL,
  `item_category_id` int(20) NOT NULL,
  `weight` varchar(100) NOT NULL,
  `unit` enum('','Kilogram','Gram','Litre','Other') NOT NULL,
  `INR` varchar(20) NOT NULL,
  `created_at` datetime DEFAULT NULL,
  `updated_at` datetime DEFAULT NULL
) ENGINE=InnoDB DEFAULT CHARSET=utf8mb4;

--
-- Dumping data for table `booking_items`
--

INSERT INTO `booking_items` (`id`, `booking_id`, `menu_category_id`, `menu_id`, `menu_list`, `item_id`, `item_category_id`, `weight`, `unit`, `INR`, `created_at`, `updated_at`) VALUES
(1, 13, 14, 25, '', 138, 1, '', '', '', '2021-10-20 23:33:19', '2021-10-20 23:33:19'),
(2, 13, 14, 39, '', 28, 1, '', '', '', '2021-10-20 23:33:19', '2021-10-20 23:33:19'),
(3, 13, 14, 39, '', 48, 1, '', '', '', '2021-10-20 23:33:19', '2021-10-20 23:33:19'),
(4, 13, 14, 39, '', 101, 1, '', '', '', '2021-10-20 23:33:19', '2021-10-20 23:33:19'),
(5, 13, 14, 39, '', 102, 1, '', '', '', '2021-10-20 23:33:19', '2021-10-20 23:33:19'),
(6, 13, 14, 39, '', 326, 2, '', '', '', '2021-10-20 23:33:19', '2021-10-20 23:33:19'),
(7, 13, 14, 39, '', 522, 3, '', '', '', '2021-10-20 23:33:19', '2021-10-20 23:33:19'),
(8, 13, 14, 39, '', 527, 3, '', '', '', '2021-10-20 23:33:19', '2021-10-20 23:33:19'),
(9, 13, 14, 41, '', 22, 1, '', '', '', '2021-10-20 23:33:19', '2021-10-20 23:33:19'),
(10, 13, 14, 41, '', 23, 1, '', '', '', '2021-10-20 23:33:19', '2021-10-20 23:33:19'),
(11, 13, 14, 41, '', 59, 1, '', '', '', '2021-10-20 23:33:19', '2021-10-20 23:33:19'),
(12, 13, 14, 41, '', 75, 1, '', '', '', '2021-10-20 23:33:19', '2021-10-20 23:33:19'),
(13, 13, 14, 41, '', 101, 1, '', '', '', '2021-10-20 23:33:19', '2021-10-20 23:33:19'),
(14, 13, 14, 41, '', 102, 1, '', '', '', '2021-10-20 23:33:19', '2021-10-20 23:33:19'),
(15, 13, 14, 41, '', 312, 2, '', '', '', '2021-10-20 23:33:19', '2021-10-20 23:33:19'),
(16, 13, 14, 41, '', 329, 2, '', '', '', '2021-10-20 23:33:19', '2021-10-20 23:33:19'),
(17, 13, 14, 41, '', 342, 2, '', '', '', '2021-10-20 23:33:19', '2021-10-20 23:33:19'),
(18, 13, 14, 41, '', 364, 2, '', '', '', '2021-10-20 23:33:19', '2021-10-20 23:33:19'),
(19, 13, 14, 41, '', 527, 3, '', '', '', '2021-10-20 23:33:19', '2021-10-20 23:33:19'),
(20, 13, 1, 6, '', 22, 1, '', '', '', '2021-10-20 23:33:19', '2021-10-20 23:33:19'),
(21, 13, 1, 6, '', 23, 1, '', '', '', '2021-10-20 23:33:19', '2021-10-20 23:33:19'),
(22, 13, 1, 6, '', 89, 1, '', '', '', '2021-10-20 23:33:19', '2021-10-20 23:33:19'),
(23, 13, 1, 6, '', 318, 2, '', '', '', '2021-10-20 23:33:19', '2021-10-20 23:33:19'),
(24, 13, 1, 6, '', 378, 2, '', '', '', '2021-10-20 23:33:19', '2021-10-20 23:33:19'),
(25, 13, 1, 6, '', 384, 2, '', '', '', '2021-10-20 23:33:19', '2021-10-20 23:33:19'),
(26, 13, 12, 9, '', 47, 1, '', '', '', '2021-10-20 23:33:19', '2021-10-20 23:33:19'),
(27, 13, 12, 9, '', 48, 1, '', '', '', '2021-10-20 23:33:19', '2021-10-20 23:33:19'),
(28, 13, 12, 9, '', 50, 1, '', '', '', '2021-10-20 23:33:19', '2021-10-20 23:33:19'),
(29, 13, 12, 9, '', 62, 1, '', '', '', '2021-10-20 23:33:19', '2021-10-20 23:33:19'),
(30, 13, 12, 9, '', 63, 1, '', '', '', '2021-10-20 23:33:19', '2021-10-20 23:33:19'),
(31, 13, 12, 9, '', 64, 1, '', '', '', '2021-10-20 23:33:19', '2021-10-20 23:33:19'),
(32, 13, 12, 9, '', 65, 1, '', '', '', '2021-10-20 23:33:19', '2021-10-20 23:33:19'),
(33, 13, 12, 9, '', 71, 1, '', '', '', '2021-10-20 23:33:19', '2021-10-20 23:33:19'),
(34, 13, 12, 9, '', 72, 1, '', '', '', '2021-10-20 23:33:19', '2021-10-20 23:33:19'),
(35, 13, 12, 9, '', 163, 1, '', '', '', '2021-10-20 23:33:19', '2021-10-20 23:33:19'),
(36, 13, 12, 9, '', 316, 2, '', '', '', '2021-10-20 23:33:19', '2021-10-20 23:33:19'),
(37, 13, 12, 9, '', 329, 2, '', '', '', '2021-10-20 23:33:19', '2021-10-20 23:33:19'),
(38, 13, 12, 9, '', 330, 2, '', '', '', '2021-10-20 23:33:19', '2021-10-20 23:33:19'),
(39, 13, 12, 9, '', 331, 2, '', '', '', '2021-10-20 23:33:19', '2021-10-20 23:33:19'),
(40, 13, 12, 9, '', 336, 2, '', '', '', '2021-10-20 23:33:19', '2021-10-20 23:33:19'),
(41, 13, 12, 9, '', 337, 2, '', '', '', '2021-10-20 23:33:19', '2021-10-20 23:33:19'),
(42, 13, 12, 9, '', 341, 2, '', '', '', '2021-10-20 23:33:19', '2021-10-20 23:33:19'),
(43, 13, 12, 9, '', 232, 5, '', '', '', '2021-10-20 23:33:19', '2021-10-20 23:33:19'),
(44, 13, 12, 9, '', 520, 3, '', '', '', '2021-10-20 23:33:19', '2021-10-20 23:33:19'),
(45, 13, 15, 151, '', 92, 1, '', '', '', '2021-10-20 23:33:19', '2021-10-20 23:33:19'),
(46, 13, 15, 151, '', 134, 1, '', '', '', '2021-10-20 23:33:19', '2021-10-20 23:33:19'),
(47, 13, 15, 151, '', 136, 1, '', '', '', '2021-10-20 23:33:19', '2021-10-20 23:33:19'),
(48, 13, 15, 151, '', 377, 2, '', '', '', '2021-10-20 23:33:19', '2021-10-20 23:33:19'),
(49, 13, 15, 151, '', 293, 5, '', '', '', '2021-10-20 23:33:19', '2021-10-20 23:33:19'),
(50, 13, 15, 151, '', 406, 4, '', '', '', '2021-10-20 23:33:19', '2021-10-20 23:33:19'),
(51, 13, 15, 151, '', 466, 6, '', '', '', '2021-10-20 23:33:19', '2021-10-20 23:33:19'),
(52, 13, 15, 152, '', 353, 2, '', '', '', '2021-10-20 23:33:19', '2021-10-20 23:33:19'),
(53, 13, 15, 152, '', 263, 5, '', '', '', '2021-10-20 23:33:19', '2021-10-20 23:33:19'),
(54, 13, 15, 152, '', 264, 5, '', '', '', '2021-10-20 23:33:19', '2021-10-20 23:33:19'),
(55, 13, 15, 162, '', 541, 5, '', '', '', '2021-10-20 23:33:19', '2021-10-20 23:33:19'),
(56, 13, 15, 162, '', 542, 5, '', '', '', '2021-10-20 23:33:19', '2021-10-20 23:33:19'),
(57, 13, 15, 162, '', 526, 3, '', '', '', '2021-10-20 23:33:19', '2021-10-20 23:33:19'),
(58, 13, 6, 12, '', 50, 1, '', '', '', '2021-10-20 23:33:19', '2021-10-20 23:33:19'),
(59, 13, 6, 12, '', 62, 1, '', '', '', '2021-10-20 23:33:19', '2021-10-20 23:33:19'),
(60, 13, 6, 12, '', 65, 1, '', '', '', '2021-10-20 23:33:19', '2021-10-20 23:33:19'),
(61, 13, 6, 12, '', 90, 1, '', '', '', '2021-10-20 23:33:19', '2021-10-20 23:33:19'),
(62, 13, 6, 12, '', 143, 1, '', '', '', '2021-10-20 23:33:19', '2021-10-20 23:33:19'),
(63, 13, 6, 12, '', 145, 1, '', '', '', '2021-10-20 23:33:19', '2021-10-20 23:33:19'),
(64, 13, 6, 12, '', 146, 1, '', '', '', '2021-10-20 23:33:19', '2021-10-20 23:33:19'),
(65, 13, 6, 12, '', 153, 1, '', '', '', '2021-10-20 23:33:19', '2021-10-20 23:33:19'),
(66, 13, 6, 12, '', 317, 2, '', '', '', '2021-10-20 23:33:19', '2021-10-20 23:33:19'),
(67, 13, 6, 12, '', 319, 2, '', '', '', '2021-10-20 23:33:19', '2021-10-20 23:33:19'),
(68, 13, 6, 12, '', 329, 2, '', '', '', '2021-10-20 23:33:19', '2021-10-20 23:33:19'),
(69, 13, 6, 12, '', 330, 2, '', '', '', '2021-10-20 23:33:19', '2021-10-20 23:33:19'),
(70, 13, 6, 12, '', 331, 2, '', '', '', '2021-10-20 23:33:19', '2021-10-20 23:33:19'),
(71, 13, 6, 12, '', 407, 4, '', '', '', '2021-10-20 23:33:19', '2021-10-20 23:33:19'),
(72, 13, 6, 12, '', 488, 6, '', '', '', '2021-10-20 23:33:19', '2021-10-20 23:33:19'),
(73, 13, 6, 12, '', 523, 3, '', '', '', '2021-10-20 23:33:19', '2021-10-20 23:33:19'),
(74, 13, 6, 12, '', 526, 3, '', '', '', '2021-10-20 23:33:19', '2021-10-20 23:33:19'),
(75, 13, 6, 12, '', 528, 3, '', '', '', '2021-10-20 23:33:19', '2021-10-20 23:33:19'),
(76, 13, 6, 158, '', 50, 1, '', '', '', '2021-10-20 23:33:19', '2021-10-20 23:33:19'),
(77, 13, 6, 158, '', 62, 1, '', '', '', '2021-10-20 23:33:19', '2021-10-20 23:33:19'),
(78, 13, 6, 158, '', 64, 1, '', '', '', '2021-10-20 23:33:19', '2021-10-20 23:33:19'),
(79, 13, 6, 158, '', 65, 1, '', '', '', '2021-10-20 23:33:19', '2021-10-20 23:33:19'),
(80, 13, 6, 158, '', 71, 1, '', '', '', '2021-10-20 23:33:19', '2021-10-20 23:33:19'),
(81, 13, 6, 158, '', 72, 1, '', '', '', '2021-10-20 23:33:19', '2021-10-20 23:33:19'),
(82, 13, 6, 158, '', 78, 1, '', '', '', '2021-10-20 23:33:19', '2021-10-20 23:33:19'),
(83, 13, 6, 158, '', 163, 1, '', '', '', '2021-10-20 23:33:19', '2021-10-20 23:33:19'),
(84, 13, 6, 158, '', 171, 1, '', '', '', '2021-10-20 23:33:19', '2021-10-20 23:33:19'),
(85, 13, 6, 158, '', 172, 1, '', '', '', '2021-10-20 23:33:19', '2021-10-20 23:33:19'),
(86, 13, 6, 158, '', 208, 1, '', '', '', '2021-10-20 23:33:19', '2021-10-20 23:33:19'),
(87, 13, 6, 158, '', 211, 1, '', '', '', '2021-10-20 23:33:19', '2021-10-20 23:33:19'),
(88, 13, 6, 158, '', 311, 2, '', '', '', '2021-10-20 23:33:19', '2021-10-20 23:33:19'),
(89, 13, 6, 158, '', 319, 2, '', '', '', '2021-10-20 23:33:19', '2021-10-20 23:33:19'),
(90, 13, 6, 158, '', 329, 2, '', '', '', '2021-10-20 23:33:19', '2021-10-20 23:33:19'),
(91, 13, 6, 158, '', 330, 2, '', '', '', '2021-10-20 23:33:19', '2021-10-20 23:33:19'),
(92, 13, 6, 158, '', 331, 2, '', '', '', '2021-10-20 23:33:19', '2021-10-20 23:33:19'),
(93, 13, 6, 158, '', 332, 2, '', '', '', '2021-10-20 23:33:19', '2021-10-20 23:33:19'),
(94, 13, 6, 158, '', 333, 2, '', '', '', '2021-10-20 23:33:19', '2021-10-20 23:33:19'),
(95, 13, 6, 158, '', 334, 2, '', '', '', '2021-10-20 23:33:19', '2021-10-20 23:33:19'),
(96, 13, 6, 158, '', 335, 2, '', '', '', '2021-10-20 23:33:19', '2021-10-20 23:33:19'),
(97, 13, 6, 158, '', 336, 2, '', '', '', '2021-10-20 23:33:19', '2021-10-20 23:33:19'),
(98, 13, 6, 158, '', 337, 2, '', '', '', '2021-10-20 23:33:19', '2021-10-20 23:33:19'),
(99, 13, 6, 158, '', 339, 2, '', '', '', '2021-10-20 23:33:19', '2021-10-20 23:33:19'),
(100, 13, 6, 158, '', 340, 2, '', '', '', '2021-10-20 23:33:19', '2021-10-20 23:33:19'),
(101, 13, 6, 158, '', 342, 2, '', '', '', '2021-10-20 23:33:19', '2021-10-20 23:33:19'),
(102, 13, 6, 158, '', 368, 2, '', '', '', '2021-10-20 23:33:19', '2021-10-20 23:33:19'),
(103, 13, 6, 158, '', 369, 2, '', '', '', '2021-10-20 23:33:19', '2021-10-20 23:33:19'),
(104, 13, 6, 158, '', 380, 2, '', '', '', '2021-10-20 23:33:19', '2021-10-20 23:33:19'),
(105, 13, 6, 158, '', 540, 2, '', '', '', '2021-10-20 23:33:19', '2021-10-20 23:33:19'),
(106, 13, 9, 15, '', 50, 1, '', '', '', '2021-10-20 23:33:19', '2021-10-20 23:33:19'),
(107, 13, 9, 15, '', 69, 1, '', '', '', '2021-10-20 23:33:19', '2021-10-20 23:33:19'),
(108, 13, 9, 15, '', 70, 1, '', '', '', '2021-10-20 23:33:19', '2021-10-20 23:33:19'),
(109, 13, 9, 15, '', 114, 1, '', '', '', '2021-10-20 23:33:19', '2021-10-20 23:33:19'),
(110, 13, 9, 15, '', 163, 1, '', '', '', '2021-10-20 23:33:19', '2021-10-20 23:33:19'),
(111, 13, 9, 15, '', 171, 1, '', '', '', '2021-10-20 23:33:19', '2021-10-20 23:33:19'),
(112, 13, 9, 15, '', 405, 4, '', '', '', '2021-10-20 23:33:19', '2021-10-20 23:33:19'),
(113, 13, 9, 164, '', 50, 1, '', '', '', '2021-10-20 23:33:19', '2021-10-20 23:33:19'),
(114, 13, 9, 164, '', 76, 1, '', '', '', '2021-10-20 23:33:19', '2021-10-20 23:33:19'),
(115, 13, 9, 164, '', 77, 1, '', '', '', '2021-10-20 23:33:19', '2021-10-20 23:33:19'),
(116, 13, 9, 164, '', 86, 1, '', '', '', '2021-10-20 23:33:19', '2021-10-20 23:33:19'),
(117, 13, 9, 164, '', 145, 1, '', '', '', '2021-10-20 23:33:19', '2021-10-20 23:33:19'),
(118, 13, 9, 164, '', 146, 1, '', '', '', '2021-10-20 23:33:19', '2021-10-20 23:33:19'),
(119, 13, 9, 164, '', 163, 1, '', '', '', '2021-10-20 23:33:19', '2021-10-20 23:33:19'),
(120, 13, 9, 164, '', 172, 1, '', '', '', '2021-10-20 23:33:19', '2021-10-20 23:33:19'),
(121, 13, 9, 164, '', 175, 1, '', '', '', '2021-10-20 23:33:19', '2021-10-20 23:33:19'),
(122, 13, 9, 164, '', 179, 1, '', '', '', '2021-10-20 23:33:19', '2021-10-20 23:33:19'),
(123, 13, 9, 164, '', 319, 2, '', '', '', '2021-10-20 23:33:19', '2021-10-20 23:33:19'),
(124, 13, 9, 164, '', 329, 2, '', '', '', '2021-10-20 23:33:19', '2021-10-20 23:33:19'),
(125, 13, 9, 164, '', 330, 2, '', '', '', '2021-10-20 23:33:19', '2021-10-20 23:33:19'),
(126, 13, 9, 164, '', 331, 2, '', '', '', '2021-10-20 23:33:19', '2021-10-20 23:33:19'),
(127, 13, 9, 164, '', 529, 3, '', '', '', '2021-10-20 23:33:19', '2021-10-20 23:33:19'),
(128, 13, 4, 125, '', 75, 1, '', '', '', '2021-10-20 23:33:19', '2021-10-20 23:33:19'),
(129, 13, 4, 125, '', 100, 1, '', '', '', '2021-10-20 23:33:19', '2021-10-20 23:33:19'),
(130, 13, 4, 125, '', 105, 1, '', '', '', '2021-10-20 23:33:19', '2021-10-20 23:33:19'),
(131, 13, 4, 125, '', 106, 1, '', '', '', '2021-10-20 23:33:19', '2021-10-20 23:33:19'),
(132, 13, 4, 125, '', 108, 1, '', '', '', '2021-10-20 23:33:19', '2021-10-20 23:33:19'),
(133, 13, 4, 125, '', 109, 1, '', '', '', '2021-10-20 23:33:19', '2021-10-20 23:33:19'),
(134, 13, 4, 125, '', 110, 1, '', '', '', '2021-10-20 23:33:19', '2021-10-20 23:33:19'),
(135, 13, 4, 125, '', 111, 1, '', '', '', '2021-10-20 23:33:19', '2021-10-20 23:33:19'),
(136, 13, 4, 125, '', 316, 2, '', '', '', '2021-10-20 23:33:19', '2021-10-20 23:33:19'),
(137, 13, 4, 125, '', 317, 2, '', '', '', '2021-10-20 23:33:19', '2021-10-20 23:33:19'),
(138, 13, 4, 125, '', 319, 2, '', '', '', '2021-10-20 23:33:19', '2021-10-20 23:33:19'),
(139, 13, 4, 125, '', 518, 3, '', '', '', '2021-10-20 23:33:19', '2021-10-20 23:33:19'),
(140, 13, 4, 125, '', 520, 3, '', '', '', '2021-10-20 23:33:19', '2021-10-20 23:33:19'),
(141, 13, 4, 125, '', 522, 3, '', '', '', '2021-10-20 23:33:19', '2021-10-20 23:33:19'),
(142, 13, 4, 125, '', 523, 3, '', '', '', '2021-10-20 23:33:19', '2021-10-20 23:33:19'),
(143, 13, 4, 125, '', 528, 3, '', '', '', '2021-10-20 23:33:19', '2021-10-20 23:33:19'),
(144, 13, 4, 126, '', 312, 2, '', '', '', '2021-10-20 23:33:19', '2021-10-20 23:33:19'),
(145, 13, 4, 126, '', 316, 2, '', '', '', '2021-10-20 23:33:19', '2021-10-20 23:33:19'),
(146, 13, 4, 126, '', 317, 2, '', '', '', '2021-10-20 23:33:19', '2021-10-20 23:33:19'),
(147, 13, 4, 126, '', 319, 2, '', '', '', '2021-10-20 23:33:19', '2021-10-20 23:33:19'),
(148, 13, 4, 126, '', 329, 2, '', '', '', '2021-10-20 23:33:19', '2021-10-20 23:33:19'),
(149, 13, 4, 126, '', 330, 2, '', '', '', '2021-10-20 23:33:19', '2021-10-20 23:33:19'),
(150, 13, 4, 126, '', 331, 2, '', '', '', '2021-10-20 23:33:19', '2021-10-20 23:33:19'),
(151, 13, 4, 126, '', 332, 2, '', '', '', '2021-10-20 23:33:19', '2021-10-20 23:33:19'),
(152, 13, 4, 126, '', 333, 2, '', '', '', '2021-10-20 23:33:19', '2021-10-20 23:33:19'),
(153, 13, 4, 126, '', 334, 2, '', '', '', '2021-10-20 23:33:19', '2021-10-20 23:33:19'),
(154, 13, 4, 126, '', 342, 2, '', '', '', '2021-10-20 23:33:19', '2021-10-20 23:33:19'),
(155, 13, 4, 126, '', 363, 2, '', '', '', '2021-10-20 23:33:19', '2021-10-20 23:33:19'),
(156, 13, 4, 126, '', 369, 2, '', '', '', '2021-10-20 23:33:19', '2021-10-20 23:33:19'),
(157, 13, 4, 126, '', 518, 3, '', '', '', '2021-10-20 23:33:19', '2021-10-20 23:33:19'),
(158, 13, 4, 126, '', 522, 3, '', '', '', '2021-10-20 23:33:19', '2021-10-20 23:33:19'),
(159, 13, 4, 126, '', 523, 3, '', '', '', '2021-10-20 23:33:19', '2021-10-20 23:33:19'),
(160, 13, 4, 126, '', 526, 3, '', '', '', '2021-10-20 23:33:19', '2021-10-20 23:33:19'),
(161, 13, 4, 126, '', 528, 3, '', '', '', '2021-10-20 23:33:19', '2021-10-20 23:33:19'),
(162, 13, 4, 161, '', 47, 1, '', '', '', '2021-10-20 23:33:19', '2021-10-20 23:33:19'),
(163, 13, 4, 161, '', 50, 1, '', '', '', '2021-10-20 23:33:19', '2021-10-20 23:33:19'),
(164, 13, 4, 161, '', 104, 1, '', '', '', '2021-10-20 23:33:19', '2021-10-20 23:33:19'),
(165, 13, 4, 161, '', 105, 1, '', '', '', '2021-10-20 23:33:19', '2021-10-20 23:33:19'),
(166, 13, 4, 161, '', 106, 1, '', '', '', '2021-10-20 23:33:19', '2021-10-20 23:33:19'),
(167, 13, 4, 161, '', 108, 1, '', '', '', '2021-10-20 23:33:19', '2021-10-20 23:33:19'),
(168, 13, 4, 161, '', 109, 1, '', '', '', '2021-10-20 23:33:19', '2021-10-20 23:33:19'),
(169, 13, 4, 161, '', 110, 1, '', '', '', '2021-10-20 23:33:19', '2021-10-20 23:33:19'),
(170, 13, 4, 161, '', 111, 1, '', '', '', '2021-10-20 23:33:19', '2021-10-20 23:33:19'),
(171, 13, 4, 161, '', 152, 1, '', '', '', '2021-10-20 23:33:19', '2021-10-20 23:33:19'),
(172, 13, 4, 161, '', 533, 1, '', '', '', '2021-10-20 23:33:19', '2021-10-20 23:33:19'),
(173, 13, 4, 161, '', 316, 2, '', '', '', '2021-10-20 23:33:19', '2021-10-20 23:33:19'),
(174, 13, 4, 161, '', 317, 2, '', '', '', '2021-10-20 23:33:19', '2021-10-20 23:33:19'),
(175, 13, 4, 161, '', 319, 2, '', '', '', '2021-10-20 23:33:19', '2021-10-20 23:33:19'),
(176, 13, 4, 161, '', 518, 3, '', '', '', '2021-10-20 23:33:19', '2021-10-20 23:33:19'),
(177, 13, 4, 161, '', 521, 3, '', '', '', '2021-10-20 23:33:19', '2021-10-20 23:33:19'),
(178, 13, 4, 161, '', 522, 3, '', '', '', '2021-10-20 23:33:19', '2021-10-20 23:33:19'),
(179, 13, 4, 161, '', 523, 3, '', '', '', '2021-10-20 23:33:19', '2021-10-20 23:33:19'),
(180, 13, 4, 161, '', 526, 3, '', '', '', '2021-10-20 23:33:19', '2021-10-20 23:33:19'),
(181, 13, 4, 161, '', 528, 3, '', '', '', '2021-10-20 23:33:19', '2021-10-20 23:33:19'),
(182, 13, 16, 23, '', 37, 1, '', '', '', '2021-10-20 23:33:19', '2021-10-20 23:33:19'),
(183, 13, 16, 23, '', 38, 1, '', '', '', '2021-10-20 23:33:19', '2021-10-20 23:33:19'),
(184, 13, 16, 23, '', 101, 1, '', '', '', '2021-10-20 23:33:19', '2021-10-20 23:33:19'),
(185, 13, 16, 23, '', 102, 1, '', '', '', '2021-10-20 23:33:19', '2021-10-20 23:33:19'),
(186, 13, 16, 23, '', 316, 2, '', '', '', '2021-10-20 23:33:19', '2021-10-20 23:33:19'),
(187, 13, 16, 23, '', 317, 2, '', '', '', '2021-10-20 23:33:19', '2021-10-20 23:33:19'),
(188, 13, 16, 23, '', 319, 2, '', '', '', '2021-10-20 23:33:19', '2021-10-20 23:33:19'),
(189, 13, 16, 23, '', 527, 3, '', '', '', '2021-10-20 23:33:19', '2021-10-20 23:33:19'),
(190, 13, 16, 24, '', 59, 1, '', '', '', '2021-10-20 23:33:19', '2021-10-20 23:33:19'),
(191, 13, 16, 24, '', 75, 1, '', '', '', '2021-10-20 23:33:19', '2021-10-20 23:33:19'),
(192, 13, 16, 24, '', 101, 1, '', '', '', '2021-10-20 23:33:19', '2021-10-20 23:33:19'),
(193, 13, 16, 24, '', 102, 1, '', '', '', '2021-10-20 23:33:19', '2021-10-20 23:33:19'),
(194, 13, 16, 24, '', 527, 3, '', '', '', '2021-10-20 23:33:19', '2021-10-20 23:33:19'),
(195, 13, 5, 28, '', 180, 1, '', '', '', '2021-10-20 23:33:19', '2021-10-20 23:33:19'),
(196, 13, 5, 28, '', 346, 2, '', '', '', '2021-10-20 23:33:19', '2021-10-20 23:33:19'),
(197, 13, 5, 139, '', 289, 5, '', '', '', '2021-10-20 23:33:19', '2021-10-20 23:33:19'),
(198, 13, 3, 47, '', 62, 1, '', '', '', '2021-10-20 23:33:19', '2021-10-20 23:33:19'),
(199, 13, 3, 47, '', 65, 1, '', '', '', '2021-10-20 23:33:19', '2021-10-20 23:33:19'),
(200, 13, 3, 47, '', 69, 1, '', '', '', '2021-10-20 23:33:19', '2021-10-20 23:33:19'),
(201, 13, 3, 47, '', 70, 1, '', '', '', '2021-10-20 23:33:19', '2021-10-20 23:33:19'),
(202, 13, 3, 47, '', 71, 1, '', '', '', '2021-10-20 23:33:19', '2021-10-20 23:33:19'),
(203, 13, 3, 47, '', 72, 1, '', '', '', '2021-10-20 23:33:19', '2021-10-20 23:33:19'),
(204, 13, 3, 47, '', 76, 1, '', '', '', '2021-10-20 23:33:19', '2021-10-20 23:33:19'),
(205, 13, 3, 47, '', 77, 1, '', '', '', '2021-10-20 23:33:19', '2021-10-20 23:33:19'),
(206, 13, 3, 47, '', 78, 1, '', '', '', '2021-10-20 23:33:19', '2021-10-20 23:33:19'),
(207, 13, 3, 47, '', 86, 1, '', '', '', '2021-10-20 23:33:19', '2021-10-20 23:33:19'),
(208, 13, 3, 47, '', 153, 1, '', '', '', '2021-10-20 23:33:19', '2021-10-20 23:33:19'),
(209, 13, 3, 47, '', 163, 1, '', '', '', '2021-10-20 23:33:19', '2021-10-20 23:33:19'),
(210, 13, 3, 47, '', 171, 1, '', '', '', '2021-10-20 23:33:19', '2021-10-20 23:33:19'),
(211, 13, 3, 47, '', 179, 1, '', '', '', '2021-10-20 23:33:19', '2021-10-20 23:33:19'),
(212, 13, 3, 47, '', 316, 2, '', '', '', '2021-10-20 23:33:19', '2021-10-20 23:33:19'),
(213, 13, 3, 47, '', 317, 2, '', '', '', '2021-10-20 23:33:19', '2021-10-20 23:33:19'),
(214, 13, 3, 47, '', 329, 2, '', '', '', '2021-10-20 23:33:19', '2021-10-20 23:33:19'),
(215, 13, 3, 47, '', 330, 2, '', '', '', '2021-10-20 23:33:19', '2021-10-20 23:33:19'),
(216, 13, 3, 47, '', 331, 2, '', '', '', '2021-10-20 23:33:19', '2021-10-20 23:33:19'),
(217, 13, 3, 47, '', 335, 2, '', '', '', '2021-10-20 23:33:19', '2021-10-20 23:33:19'),
(218, 13, 3, 47, '', 336, 2, '', '', '', '2021-10-20 23:33:19', '2021-10-20 23:33:19'),
(219, 13, 3, 47, '', 337, 2, '', '', '', '2021-10-20 23:33:19', '2021-10-20 23:33:19'),
(220, 13, 3, 47, '', 368, 2, '', '', '', '2021-10-20 23:33:19', '2021-10-20 23:33:19'),
(221, 13, 3, 47, '', 369, 2, '', '', '', '2021-10-20 23:33:19', '2021-10-20 23:33:19'),
(222, 13, 3, 47, '', 371, 2, '', '', '', '2021-10-20 23:33:19', '2021-10-20 23:33:19'),
(223, 13, 3, 47, '', 380, 2, '', '', '', '2021-10-20 23:33:19', '2021-10-20 23:33:19'),
(224, 13, 3, 47, '', 234, 5, '', '', '', '2021-10-20 23:33:19', '2021-10-20 23:33:19'),
(225, 13, 3, 47, '', 519, 3, '', '', '', '2021-10-20 23:33:19', '2021-10-20 23:33:19'),
(226, 13, 3, 47, '', 523, 3, '', '', '', '2021-10-20 23:33:19', '2021-10-20 23:33:19'),
(227, 13, 3, 48, '', 47, 1, '', '', '', '2021-10-20 23:33:19', '2021-10-20 23:33:19'),
(228, 13, 3, 48, '', 50, 1, '', '', '', '2021-10-20 23:33:19', '2021-10-20 23:33:19'),
(229, 13, 3, 48, '', 62, 1, '', '', '', '2021-10-20 23:33:19', '2021-10-20 23:33:19'),
(230, 13, 3, 48, '', 65, 1, '', '', '', '2021-10-20 23:33:19', '2021-10-20 23:33:19'),
(231, 13, 3, 48, '', 70, 1, '', '', '', '2021-10-20 23:33:19', '2021-10-20 23:33:19'),
(232, 13, 3, 48, '', 71, 1, '', '', '', '2021-10-20 23:33:19', '2021-10-20 23:33:19'),
(233, 13, 3, 48, '', 72, 1, '', '', '', '2021-10-20 23:33:19', '2021-10-20 23:33:19'),
(234, 13, 3, 48, '', 76, 1, '', '', '', '2021-10-20 23:33:19', '2021-10-20 23:33:19'),
(235, 13, 3, 48, '', 77, 1, '', '', '', '2021-10-20 23:33:19', '2021-10-20 23:33:19'),
(236, 13, 3, 48, '', 86, 1, '', '', '', '2021-10-20 23:33:19', '2021-10-20 23:33:19'),
(237, 13, 3, 48, '', 153, 1, '', '', '', '2021-10-20 23:33:19', '2021-10-20 23:33:19'),
(238, 13, 3, 48, '', 163, 1, '', '', '', '2021-10-20 23:33:19', '2021-10-20 23:33:19'),
(239, 13, 3, 48, '', 171, 1, '', '', '', '2021-10-20 23:33:19', '2021-10-20 23:33:19'),
(240, 13, 3, 48, '', 179, 1, '', '', '', '2021-10-20 23:33:19', '2021-10-20 23:33:19'),
(241, 13, 3, 48, '', 190, 1, '', '', '', '2021-10-20 23:33:19', '2021-10-20 23:33:19'),
(242, 13, 3, 48, '', 191, 1, '', '', '', '2021-10-20 23:33:19', '2021-10-20 23:33:19'),
(243, 13, 3, 48, '', 192, 1, '', '', '', '2021-10-20 23:33:19', '2021-10-20 23:33:19'),
(244, 13, 3, 48, '', 316, 2, '', '', '', '2021-10-20 23:33:19', '2021-10-20 23:33:19'),
(245, 13, 3, 48, '', 319, 2, '', '', '', '2021-10-20 23:33:19', '2021-10-20 23:33:19'),
(246, 13, 3, 48, '', 329, 2, '', '', '', '2021-10-20 23:33:19', '2021-10-20 23:33:19'),
(247, 13, 3, 48, '', 330, 2, '', '', '', '2021-10-20 23:33:19', '2021-10-20 23:33:19'),
(248, 13, 3, 48, '', 331, 2, '', '', '', '2021-10-20 23:33:19', '2021-10-20 23:33:19'),
(249, 13, 3, 48, '', 335, 2, '', '', '', '2021-10-20 23:33:20', '2021-10-20 23:33:20'),
(250, 13, 3, 48, '', 336, 2, '', '', '', '2021-10-20 23:33:20', '2021-10-20 23:33:20'),
(251, 13, 3, 48, '', 337, 2, '', '', '', '2021-10-20 23:33:20', '2021-10-20 23:33:20'),
(252, 13, 3, 48, '', 368, 2, '', '', '', '2021-10-20 23:33:20', '2021-10-20 23:33:20'),
(253, 13, 3, 48, '', 369, 2, '', '', '', '2021-10-20 23:33:20', '2021-10-20 23:33:20'),
(254, 13, 3, 48, '', 380, 2, '', '', '', '2021-10-20 23:33:20', '2021-10-20 23:33:20'),
(255, 13, 3, 124, '', 47, 1, '', '', '', '2021-10-20 23:33:20', '2021-10-20 23:33:20'),
(256, 13, 3, 124, '', 62, 1, '', '', '', '2021-10-20 23:33:20', '2021-10-20 23:33:20'),
(257, 13, 3, 124, '', 65, 1, '', '', '', '2021-10-20 23:33:20', '2021-10-20 23:33:20'),
(258, 13, 3, 124, '', 69, 1, '', '', '', '2021-10-20 23:33:20', '2021-10-20 23:33:20'),
(259, 13, 3, 124, '', 70, 1, '', '', '', '2021-10-20 23:33:20', '2021-10-20 23:33:20'),
(260, 13, 3, 124, '', 71, 1, '', '', '', '2021-10-20 23:33:20', '2021-10-20 23:33:20'),
(261, 13, 3, 124, '', 72, 1, '', '', '', '2021-10-20 23:33:20', '2021-10-20 23:33:20'),
(262, 13, 3, 124, '', 76, 1, '', '', '', '2021-10-20 23:33:20', '2021-10-20 23:33:20'),
(263, 13, 3, 124, '', 77, 1, '', '', '', '2021-10-20 23:33:20', '2021-10-20 23:33:20'),
(264, 13, 3, 124, '', 86, 1, '', '', '', '2021-10-20 23:33:20', '2021-10-20 23:33:20'),
(265, 13, 3, 124, '', 149, 1, '', '', '', '2021-10-20 23:33:20', '2021-10-20 23:33:20'),
(266, 13, 3, 124, '', 163, 1, '', '', '', '2021-10-20 23:33:20', '2021-10-20 23:33:20'),
(267, 13, 3, 124, '', 165, 1, '', '', '', '2021-10-20 23:33:20', '2021-10-20 23:33:20'),
(268, 13, 3, 124, '', 171, 1, '', '', '', '2021-10-20 23:33:20', '2021-10-20 23:33:20'),
(269, 13, 3, 124, '', 179, 1, '', '', '', '2021-10-20 23:33:20', '2021-10-20 23:33:20'),
(270, 13, 3, 124, '', 319, 2, '', '', '', '2021-10-20 23:33:20', '2021-10-20 23:33:20'),
(271, 13, 3, 124, '', 329, 2, '', '', '', '2021-10-20 23:33:20', '2021-10-20 23:33:20'),
(272, 13, 3, 124, '', 330, 2, '', '', '', '2021-10-20 23:33:20', '2021-10-20 23:33:20'),
(273, 13, 3, 124, '', 331, 2, '', '', '', '2021-10-20 23:33:20', '2021-10-20 23:33:20'),
(274, 13, 3, 124, '', 335, 2, '', '', '', '2021-10-20 23:33:20', '2021-10-20 23:33:20'),
(275, 13, 3, 124, '', 217, 5, '', '', '', '2021-10-20 23:33:20', '2021-10-20 23:33:20'),
(276, 13, 3, 124, '', 518, 3, '', '', '', '2021-10-20 23:33:20', '2021-10-20 23:33:20'),
(277, 13, 3, 124, '', 519, 3, '', '', '', '2021-10-20 23:33:20', '2021-10-20 23:33:20'),
(278, 13, 3, 124, '', 520, 3, '', '', '', '2021-10-20 23:33:20', '2021-10-20 23:33:20'),
(279, 13, 3, 124, '', 528, 3, '', '', '', '2021-10-20 23:33:20', '2021-10-20 23:33:20'),
(280, 13, 2, 116, '', 45, 1, '', '', '', '2021-10-20 23:33:20', '2021-10-20 23:33:20'),
(281, 13, 2, 116, '', 59, 1, '', '', '', '2021-10-20 23:33:20', '2021-10-20 23:33:20'),
(282, 13, 2, 116, '', 69, 1, '', '', '', '2021-10-20 23:33:20', '2021-10-20 23:33:20'),
(283, 13, 2, 116, '', 70, 1, '', '', '', '2021-10-20 23:33:20', '2021-10-20 23:33:20'),
(284, 13, 2, 116, '', 164, 1, '', '', '', '2021-10-20 23:33:20', '2021-10-20 23:33:20'),
(285, 13, 2, 116, '', 176, 1, '', '', '', '2021-10-20 23:33:20', '2021-10-20 23:33:20'),
(286, 13, 2, 116, '', 186, 1, '', '', '', '2021-10-20 23:33:20', '2021-10-20 23:33:20'),
(287, 13, 2, 116, '', 187, 1, '', '', '', '2021-10-20 23:33:20', '2021-10-20 23:33:20'),
(288, 13, 2, 116, '', 213, 1, '', '', '', '2021-10-20 23:33:20', '2021-10-20 23:33:20'),
(289, 13, 2, 116, '', 316, 2, '', '', '', '2021-10-20 23:33:20', '2021-10-20 23:33:20'),
(290, 13, 2, 116, '', 317, 2, '', '', '', '2021-10-20 23:33:20', '2021-10-20 23:33:20'),
(291, 13, 2, 116, '', 319, 2, '', '', '', '2021-10-20 23:33:20', '2021-10-20 23:33:20'),
(292, 13, 2, 116, '', 329, 2, '', '', '', '2021-10-20 23:33:20', '2021-10-20 23:33:20'),
(293, 13, 2, 116, '', 330, 2, '', '', '', '2021-10-20 23:33:20', '2021-10-20 23:33:20'),
(294, 13, 2, 116, '', 331, 2, '', '', '', '2021-10-20 23:33:20', '2021-10-20 23:33:20'),
(295, 13, 2, 116, '', 369, 2, '', '', '', '2021-10-20 23:33:20', '2021-10-20 23:33:20'),
(296, 13, 2, 116, '', 371, 2, '', '', '', '2021-10-20 23:33:20', '2021-10-20 23:33:20'),
(297, 13, 2, 116, '', 540, 2, '', '', '', '2021-10-20 23:33:20', '2021-10-20 23:33:20'),
(298, 13, 2, 116, '', 522, 3, '', '', '', '2021-10-20 23:33:20', '2021-10-20 23:33:20'),
(299, 13, 2, 118, '', 70, 1, '', '', '', '2021-10-20 23:33:20', '2021-10-20 23:33:20'),
(300, 13, 2, 118, '', 71, 1, '', '', '', '2021-10-20 23:33:20', '2021-10-20 23:33:20'),
(301, 13, 2, 118, '', 72, 1, '', '', '', '2021-10-20 23:33:20', '2021-10-20 23:33:20'),
(302, 13, 2, 118, '', 86, 1, '', '', '', '2021-10-20 23:33:20', '2021-10-20 23:33:20'),
(303, 13, 2, 118, '', 163, 1, '', '', '', '2021-10-20 23:33:20', '2021-10-20 23:33:20'),
(304, 13, 2, 118, '', 316, 2, '', '', '', '2021-10-20 23:33:20', '2021-10-20 23:33:20'),
(305, 13, 2, 118, '', 317, 2, '', '', '', '2021-10-20 23:33:20', '2021-10-20 23:33:20'),
(306, 13, 2, 118, '', 319, 2, '', '', '', '2021-10-20 23:33:20', '2021-10-20 23:33:20'),
(307, 13, 2, 118, '', 329, 2, '', '', '', '2021-10-20 23:33:20', '2021-10-20 23:33:20'),
(308, 13, 2, 118, '', 330, 2, '', '', '', '2021-10-20 23:33:20', '2021-10-20 23:33:20'),
(309, 13, 2, 118, '', 331, 2, '', '', '', '2021-10-20 23:33:20', '2021-10-20 23:33:20'),
(310, 13, 2, 118, '', 336, 2, '', '', '', '2021-10-20 23:33:20', '2021-10-20 23:33:20'),
(311, 13, 2, 118, '', 337, 2, '', '', '', '2021-10-20 23:33:20', '2021-10-20 23:33:20'),
(312, 13, 2, 118, '', 365, 2, '', '', '', '2021-10-20 23:33:20', '2021-10-20 23:33:20'),
(313, 13, 2, 118, '', 368, 2, '', '', '', '2021-10-20 23:33:20', '2021-10-20 23:33:20'),
(314, 13, 2, 118, '', 369, 2, '', '', '', '2021-10-20 23:33:20', '2021-10-20 23:33:20'),
(315, 13, 2, 118, '', 374, 2, '', '', '', '2021-10-20 23:33:20', '2021-10-20 23:33:20'),
(316, 13, 2, 118, '', 380, 2, '', '', '', '2021-10-20 23:33:20', '2021-10-20 23:33:20'),
(317, 13, 2, 118, '', 520, 3, '', '', '', '2021-10-20 23:33:20', '2021-10-20 23:33:20'),
(318, 13, 2, 119, '', 47, 1, '', '', '', '2021-10-20 23:33:20', '2021-10-20 23:33:20'),
(319, 13, 2, 119, '', 70, 1, '', '', '', '2021-10-20 23:33:20', '2021-10-20 23:33:20'),
(320, 13, 2, 119, '', 71, 1, '', '', '', '2021-10-20 23:33:20', '2021-10-20 23:33:20'),
(321, 13, 2, 119, '', 72, 1, '', '', '', '2021-10-20 23:33:20', '2021-10-20 23:33:20'),
(322, 13, 2, 119, '', 114, 1, '', '', '', '2021-10-20 23:33:20', '2021-10-20 23:33:20'),
(323, 13, 2, 119, '', 163, 1, '', '', '', '2021-10-20 23:33:20', '2021-10-20 23:33:20'),
(324, 13, 2, 119, '', 169, 1, '', '', '', '2021-10-20 23:33:20', '2021-10-20 23:33:20'),
(325, 13, 2, 119, '', 186, 1, '', '', '', '2021-10-20 23:33:20', '2021-10-20 23:33:20'),
(326, 13, 2, 119, '', 213, 1, '', '', '', '2021-10-20 23:33:20', '2021-10-20 23:33:20'),
(327, 13, 2, 119, '', 317, 2, '', '', '', '2021-10-20 23:33:20', '2021-10-20 23:33:20'),
(328, 13, 2, 119, '', 319, 2, '', '', '', '2021-10-20 23:33:20', '2021-10-20 23:33:20'),
(329, 13, 2, 119, '', 329, 2, '', '', '', '2021-10-20 23:33:20', '2021-10-20 23:33:20'),
(330, 13, 2, 119, '', 330, 2, '', '', '', '2021-10-20 23:33:20', '2021-10-20 23:33:20'),
(331, 13, 2, 119, '', 331, 2, '', '', '', '2021-10-20 23:33:20', '2021-10-20 23:33:20'),
(332, 13, 2, 119, '', 369, 2, '', '', '', '2021-10-20 23:33:20', '2021-10-20 23:33:20'),
(333, 13, 2, 119, '', 378, 2, '', '', '', '2021-10-20 23:33:20', '2021-10-20 23:33:20'),
(334, 13, 2, 119, '', 518, 3, '', '', '', '2021-10-20 23:33:20', '2021-10-20 23:33:20'),
(335, 13, 2, 119, '', 520, 3, '', '', '', '2021-10-20 23:33:20', '2021-10-20 23:33:20'),
(336, 13, 11, 117, '', 13, 1, '', '', '', '2021-10-20 23:33:20', '2021-10-20 23:33:20'),
(337, 13, 11, 117, '', 39, 1, '', '', '', '2021-10-20 23:33:20', '2021-10-20 23:33:20'),
(338, 13, 11, 117, '', 40, 1, '', '', '', '2021-10-20 23:33:20', '2021-10-20 23:33:20'),
(339, 13, 11, 117, '', 47, 1, '', '', '', '2021-10-20 23:33:20', '2021-10-20 23:33:20'),
(340, 13, 11, 117, '', 48, 1, '', '', '', '2021-10-20 23:33:20', '2021-10-20 23:33:20'),
(341, 13, 11, 117, '', 87, 1, '', '', '', '2021-10-20 23:33:20', '2021-10-20 23:33:20'),
(342, 13, 11, 117, '', 100, 1, '', '', '', '2021-10-20 23:33:20', '2021-10-20 23:33:20'),
(343, 13, 11, 117, '', 101, 1, '', '', '', '2021-10-20 23:33:20', '2021-10-20 23:33:20'),
(344, 13, 11, 117, '', 102, 1, '', '', '', '2021-10-20 23:33:20', '2021-10-20 23:33:20'),
(345, 13, 11, 117, '', 114, 1, '', '', '', '2021-10-20 23:33:20', '2021-10-20 23:33:20'),
(346, 13, 11, 117, '', 161, 1, '', '', '', '2021-10-20 23:33:20', '2021-10-20 23:33:20'),
(347, 13, 11, 117, '', 533, 1, '', '', '', '2021-10-20 23:33:20', '2021-10-20 23:33:20'),
(348, 13, 11, 117, '', 320, 2, '', '', '', '2021-10-20 23:33:20', '2021-10-20 23:33:20'),
(349, 13, 11, 117, '', 352, 2, '', '', '', '2021-10-20 23:33:20', '2021-10-20 23:33:20'),
(350, 13, 11, 117, '', 377, 2, '', '', '', '2021-10-20 23:33:20', '2021-10-20 23:33:20'),
(351, 13, 11, 117, '', 378, 2, '', '', '', '2021-10-20 23:33:20', '2021-10-20 23:33:20'),
(352, 13, 11, 117, '', 224, 5, '', '', '', '2021-10-20 23:33:20', '2021-10-20 23:33:20'),
(353, 13, 11, 165, '', 39, 1, '', '', '', '2021-10-20 23:33:20', '2021-10-20 23:33:20'),
(354, 13, 11, 165, '', 40, 1, '', '', '', '2021-10-20 23:33:20', '2021-10-20 23:33:20'),
(355, 13, 11, 165, '', 48, 1, '', '', '', '2021-10-20 23:33:20', '2021-10-20 23:33:20'),
(356, 13, 11, 165, '', 50, 1, '', '', '', '2021-10-20 23:33:20', '2021-10-20 23:33:20'),
(357, 13, 11, 165, '', 100, 1, '', '', '', '2021-10-20 23:33:20', '2021-10-20 23:33:20'),
(358, 13, 11, 165, '', 161, 1, '', '', '', '2021-10-20 23:33:20', '2021-10-20 23:33:20'),
(359, 13, 11, 165, '', 163, 1, '', '', '', '2021-10-20 23:33:20', '2021-10-20 23:33:20'),
(360, 13, 11, 165, '', 311, 2, '', '', '', '2021-10-20 23:33:20', '2021-10-20 23:33:20'),
(361, 13, 11, 165, '', 312, 2, '', '', '', '2021-10-20 23:33:20', '2021-10-20 23:33:20'),
(362, 13, 11, 165, '', 318, 2, '', '', '', '2021-10-20 23:33:20', '2021-10-20 23:33:20'),
(363, 13, 11, 165, '', 319, 2, '', '', '', '2021-10-20 23:33:20', '2021-10-20 23:33:20'),
(364, 13, 11, 165, '', 320, 2, '', '', '', '2021-10-20 23:33:20', '2021-10-20 23:33:20'),
(365, 13, 11, 165, '', 329, 2, '', '', '', '2021-10-20 23:33:20', '2021-10-20 23:33:20'),
(366, 13, 11, 165, '', 352, 2, '', '', '', '2021-10-20 23:33:20', '2021-10-20 23:33:20'),
(367, 13, 11, 165, '', 377, 2, '', '', '', '2021-10-20 23:33:20', '2021-10-20 23:33:20'),
(368, 13, 11, 165, '', 378, 2, '', '', '', '2021-10-20 23:33:20', '2021-10-20 23:33:20'),
(369, 13, 11, 165, '', 224, 5, '', '', '', '2021-10-20 23:33:20', '2021-10-20 23:33:20'),
(370, 13, 11, 165, '', 522, 3, '', '', '', '2021-10-20 23:33:20', '2021-10-20 23:33:20'),
(371, 13, 11, 166, '', 13, 1, '', '', '', '2021-10-20 23:33:20', '2021-10-20 23:33:20'),
(372, 13, 11, 166, '', 22, 1, '', '', '', '2021-10-20 23:33:20', '2021-10-20 23:33:20'),
(373, 13, 11, 166, '', 23, 1, '', '', '', '2021-10-20 23:33:20', '2021-10-20 23:33:20'),
(374, 13, 11, 166, '', 39, 1, '', '', '', '2021-10-20 23:33:20', '2021-10-20 23:33:20'),
(375, 13, 11, 166, '', 40, 1, '', '', '', '2021-10-20 23:33:20', '2021-10-20 23:33:20'),
(376, 13, 11, 166, '', 75, 1, '', '', '', '2021-10-20 23:33:20', '2021-10-20 23:33:20'),
(377, 13, 11, 166, '', 80, 1, '', '', '', '2021-10-20 23:33:20', '2021-10-20 23:33:20'),
(378, 13, 11, 166, '', 100, 1, '', '', '', '2021-10-20 23:33:20', '2021-10-20 23:33:20'),
(379, 13, 11, 166, '', 161, 1, '', '', '', '2021-10-20 23:33:20', '2021-10-20 23:33:20'),
(380, 13, 11, 166, '', 320, 2, '', '', '', '2021-10-20 23:33:20', '2021-10-20 23:33:20'),
(381, 13, 11, 166, '', 352, 2, '', '', '', '2021-10-20 23:33:20', '2021-10-20 23:33:20'),
(382, 13, 11, 166, '', 353, 2, '', '', '', '2021-10-20 23:33:20', '2021-10-20 23:33:20'),
(383, 13, 11, 166, '', 377, 2, '', '', '', '2021-10-20 23:33:20', '2021-10-20 23:33:20'),
(384, 13, 11, 166, '', 522, 3, '', '', '', '2021-10-20 23:33:20', '2021-10-20 23:33:20'),
(385, 13, 11, 166, '', 528, 3, '', '', '', '2021-10-20 23:33:20', '2021-10-20 23:33:20'),
(386, 13, 11, 166, '', 532, 3, '', '', '', '2021-10-20 23:33:20', '2021-10-20 23:33:20'),
(387, 13, 11, 167, '', 13, 1, '', '', '', '2021-10-20 23:33:20', '2021-10-20 23:33:20'),
(388, 13, 11, 167, '', 21, 1, '', '', '', '2021-10-20 23:33:20', '2021-10-20 23:33:20'),
(389, 13, 11, 167, '', 22, 1, '', '', '', '2021-10-20 23:33:20', '2021-10-20 23:33:20'),
(390, 13, 11, 167, '', 23, 1, '', '', '', '2021-10-20 23:33:20', '2021-10-20 23:33:20'),
(391, 13, 11, 167, '', 39, 1, '', '', '', '2021-10-20 23:33:20', '2021-10-20 23:33:20'),
(392, 13, 11, 167, '', 42, 1, '', '', '', '2021-10-20 23:33:20', '2021-10-20 23:33:20'),
(393, 13, 11, 167, '', 84, 1, '', '', '', '2021-10-20 23:33:20', '2021-10-20 23:33:20'),
(394, 13, 11, 167, '', 87, 1, '', '', '', '2021-10-20 23:33:20', '2021-10-20 23:33:20'),
(395, 13, 11, 167, '', 101, 1, '', '', '', '2021-10-20 23:33:20', '2021-10-20 23:33:20'),
(396, 13, 11, 167, '', 130, 1, '', '', '', '2021-10-20 23:33:20', '2021-10-20 23:33:20'),
(397, 13, 11, 167, '', 161, 1, '', '', '', '2021-10-20 23:33:20', '2021-10-20 23:33:20'),
(398, 13, 11, 167, '', 164, 1, '', '', '', '2021-10-20 23:33:20', '2021-10-20 23:33:20'),
(399, 13, 11, 167, '', 533, 1, '', '', '', '2021-10-20 23:33:20', '2021-10-20 23:33:20'),
(400, 13, 11, 167, '', 352, 2, '', '', '', '2021-10-20 23:33:20', '2021-10-20 23:33:20'),
(401, 13, 11, 167, '', 353, 2, '', '', '', '2021-10-20 23:33:20', '2021-10-20 23:33:20'),
(402, 13, 11, 167, '', 355, 2, '', '', '', '2021-10-20 23:33:20', '2021-10-20 23:33:20'),
(403, 13, 11, 167, '', 356, 2, '', '', '', '2021-10-20 23:33:20', '2021-10-20 23:33:20'),
(404, 13, 11, 167, '', 357, 2, '', '', '', '2021-10-20 23:33:20', '2021-10-20 23:33:20'),
(405, 13, 11, 167, '', 377, 2, '', '', '', '2021-10-20 23:33:20', '2021-10-20 23:33:20'),
(406, 13, 11, 167, '', 224, 5, '', '', '', '2021-10-20 23:33:20', '2021-10-20 23:33:20'),
(407, 13, 11, 167, '', 522, 3, '', '', '', '2021-10-20 23:33:20', '2021-10-20 23:33:20'),
(408, 13, 11, 167, '', 528, 3, '', '', '', '2021-10-20 23:33:20', '2021-10-20 23:33:20'),
(409, 13, 11, 168, '', 13, 1, '', '', '', '2021-10-20 23:33:20', '2021-10-20 23:33:20'),
(410, 13, 11, 168, '', 18, 1, '', '', '', '2021-10-20 23:33:20', '2021-10-20 23:33:20'),
(411, 13, 11, 168, '', 39, 1, '', '', '', '2021-10-20 23:33:20', '2021-10-20 23:33:20'),
(412, 13, 11, 168, '', 40, 1, '', '', '', '2021-10-20 23:33:20', '2021-10-20 23:33:20'),
(413, 13, 11, 168, '', 43, 1, '', '', '', '2021-10-20 23:33:20', '2021-10-20 23:33:20'),
(414, 13, 11, 168, '', 47, 1, '', '', '', '2021-10-20 23:33:20', '2021-10-20 23:33:20'),
(415, 13, 11, 168, '', 55, 1, '', '', '', '2021-10-20 23:33:20', '2021-10-20 23:33:20'),
(416, 13, 11, 168, '', 56, 1, '', '', '', '2021-10-20 23:33:20', '2021-10-20 23:33:20'),
(417, 13, 11, 168, '', 84, 1, '', '', '', '2021-10-20 23:33:20', '2021-10-20 23:33:20'),
(418, 13, 11, 168, '', 87, 1, '', '', '', '2021-10-20 23:33:20', '2021-10-20 23:33:20'),
(419, 13, 11, 168, '', 114, 1, '', '', '', '2021-10-20 23:33:20', '2021-10-20 23:33:20'),
(420, 13, 11, 168, '', 161, 1, '', '', '', '2021-10-20 23:33:20', '2021-10-20 23:33:20'),
(421, 13, 11, 168, '', 165, 1, '', '', '', '2021-10-20 23:33:20', '2021-10-20 23:33:20'),
(422, 13, 11, 168, '', 533, 1, '', '', '', '2021-10-20 23:33:20', '2021-10-20 23:33:20'),
(423, 13, 11, 168, '', 320, 2, '', '', '', '2021-10-20 23:33:20', '2021-10-20 23:33:20'),
(424, 13, 11, 168, '', 352, 2, '', '', '', '2021-10-20 23:33:20', '2021-10-20 23:33:20'),
(425, 13, 11, 168, '', 377, 2, '', '', '', '2021-10-20 23:33:20', '2021-10-20 23:33:20'),
(426, 13, 11, 168, '', 378, 2, '', '', '', '2021-10-20 23:33:20', '2021-10-20 23:33:20'),
(427, 13, 11, 168, '', 224, 5, '', '', '', '2021-10-20 23:33:20', '2021-10-20 23:33:20'),
(428, 13, 28, 128, '', 537, 5, '', '', '', '2021-10-20 23:33:20', '2021-10-20 23:33:20'),
(429, 12, 14, 1, '', 38, 1, '', '', '', '2021-10-20 23:33:27', '2021-10-20 23:33:27'),
(430, 12, 14, 1, '', 39, 1, '', '', '', '2021-10-20 23:33:27', '2021-10-20 23:33:27'),
(431, 12, 14, 1, '', 40, 1, '', '', '', '2021-10-20 23:33:27', '2021-10-20 23:33:27'),
(432, 12, 14, 1, '', 41, 1, '', '', '', '2021-10-20 23:33:27', '2021-10-20 23:33:27'),
(433, 12, 14, 1, '', 42, 1, '', '', '', '2021-10-20 23:33:27', '2021-10-20 23:33:27'),
(434, 12, 14, 8, '', 60, 1, '', '', '', '2021-10-20 23:33:27', '2021-10-20 23:33:27'),
(435, 12, 14, 8, '', 527, 3, '', '', '', '2021-10-20 23:33:27', '2021-10-20 23:33:27'),
(436, 12, 14, 20, '', 46, 1, '', '', '', '2021-10-20 23:33:27', '2021-10-20 23:33:27'),
(437, 12, 14, 20, '', 47, 1, '', '', '', '2021-10-20 23:33:27', '2021-10-20 23:33:27'),
(438, 12, 1, 2, '', 308, 2, '', '', '', '2021-10-20 23:33:27', '2021-10-20 23:33:27'),
(439, 12, 1, 2, '', 311, 2, '', '', '', '2021-10-20 23:33:27', '2021-10-20 23:33:27'),
(440, 12, 1, 2, '', 316, 2, '', '', '', '2021-10-20 23:33:27', '2021-10-20 23:33:27'),
(441, 12, 1, 2, '', 318, 2, '', '', '', '2021-10-20 23:33:27', '2021-10-20 23:33:27'),
(442, 12, 12, 32, '', 19, 1, '', '', '', '2021-10-20 23:33:27', '2021-10-20 23:33:27'),
(443, 12, 12, 32, '', 20, 1, '', '', '', '2021-10-20 23:33:27', '2021-10-20 23:33:27'),
(444, 12, 12, 32, '', 48, 1, '', '', '', '2021-10-20 23:33:27', '2021-10-20 23:33:27'),
(445, 12, 12, 32, '', 357, 2, '', '', '', '2021-10-20 23:33:27', '2021-10-20 23:33:27'),
(446, 12, 12, 32, '', 539, 2, '', '', '', '2021-10-20 23:33:27', '2021-10-20 23:33:27'),
(447, 12, 10, 66, '', 13, 1, '', '', '', '2021-10-20 23:33:27', '2021-10-20 23:33:27'),
(448, 12, 10, 66, '', 22, 1, '', '', '', '2021-10-20 23:33:27', '2021-10-20 23:33:27'),
(449, 12, 10, 66, '', 23, 1, '', '', '', '2021-10-20 23:33:27', '2021-10-20 23:33:27'),
(450, 12, 10, 66, '', 25, 1, '', '', '', '2021-10-20 23:33:27', '2021-10-20 23:33:27'),
(451, 12, 10, 66, '', 27, 1, '', '', '', '2021-10-20 23:33:27', '2021-10-20 23:33:27'),
(452, 12, 10, 66, '', 28, 1, '', '', '', '2021-10-20 23:33:27', '2021-10-20 23:33:27'),
(453, 12, 10, 66, '', 29, 1, '', '', '', '2021-10-20 23:33:27', '2021-10-20 23:33:27'),
(454, 12, 10, 66, '', 33, 1, '', '', '', '2021-10-20 23:33:27', '2021-10-20 23:33:27'),
(455, 12, 10, 66, '', 526, 3, '', '', '', '2021-10-20 23:33:27', '2021-10-20 23:33:27'),
(456, 12, 10, 66, '', 527, 3, '', '', '', '2021-10-20 23:33:27', '2021-10-20 23:33:27'),
(457, 12, 5, 26, '', 316, 2, '', '', '', '2021-10-20 23:33:27', '2021-10-20 23:33:27'),
(458, 12, 5, 26, '', 317, 2, '', '', '', '2021-10-20 23:33:27', '2021-10-20 23:33:27'),
(459, 12, 5, 26, '', 342, 2, '', '', '', '2021-10-20 23:33:27', '2021-10-20 23:33:27'),
(460, 12, 5, 26, '', 343, 2, '', '', '', '2021-10-20 23:33:27', '2021-10-20 23:33:27'),
(461, 12, 5, 26, '', 344, 2, '', '', '', '2021-10-20 23:33:27', '2021-10-20 23:33:27'),
(462, 12, 5, 26, '', 345, 2, '', '', '', '2021-10-20 23:33:27', '2021-10-20 23:33:27'),
(463, 12, 5, 105, '', 88, 1, '', '', '', '2021-10-20 23:33:27', '2021-10-20 23:33:27'),
(464, 12, 5, 105, '', 416, 4, '', '', '', '2021-10-20 23:33:27', '2021-10-20 23:33:27'),
(465, 12, 5, 105, '', 525, 3, '', '', '', '2021-10-20 23:33:27', '2021-10-20 23:33:27'),
(466, 11, 14, 1, '', 38, 1, '', '', '', '2021-10-20 23:34:04', '2021-10-20 23:34:04'),
(467, 11, 14, 1, '', 39, 1, '', '', '', '2021-10-20 23:34:04', '2021-10-20 23:34:04'),
(468, 11, 14, 1, '', 40, 1, '', '', '', '2021-10-20 23:34:04', '2021-10-20 23:34:04'),
(469, 11, 14, 1, '', 41, 1, '', '', '', '2021-10-20 23:34:04', '2021-10-20 23:34:04'),
(470, 11, 14, 1, '', 42, 1, '', '', '', '2021-10-20 23:34:04', '2021-10-20 23:34:04'),
(471, 11, 14, 8, '', 60, 1, '', '', '', '2021-10-20 23:34:04', '2021-10-20 23:34:04'),
(472, 11, 14, 8, '', 527, 3, '', '', '', '2021-10-20 23:34:04', '2021-10-20 23:34:04'),
(473, 11, 14, 20, '', 46, 1, '', '', '', '2021-10-20 23:34:04', '2021-10-20 23:34:04'),
(474, 11, 14, 20, '', 47, 1, '', '', '', '2021-10-20 23:34:04', '2021-10-20 23:34:04'),
(475, 11, 14, 21, '', 46, 1, '', '', '', '2021-10-20 23:34:04', '2021-10-20 23:34:04'),
(476, 11, 14, 21, '', 527, 3, '', '', '', '2021-10-20 23:34:04', '2021-10-20 23:34:04'),
(477, 11, 14, 25, '', 138, 1, '', '', '', '2021-10-20 23:34:04', '2021-10-20 23:34:04'),
(478, 11, 1, 59, '', 37, 1, '', '', '', '2021-10-20 23:34:04', '2021-10-20 23:34:04'),
(479, 11, 1, 59, '', 318, 2, '', '', '', '2021-10-20 23:34:04', '2021-10-20 23:34:04'),
(480, 11, 1, 59, '', 319, 2, '', '', '', '2021-10-20 23:34:04', '2021-10-20 23:34:04'),
(481, 11, 1, 59, '', 381, 2, '', '', '', '2021-10-20 23:34:04', '2021-10-20 23:34:04'),
(482, 11, 12, 82, '', 224, 5, '', '', '', '2021-10-20 23:34:04', '2021-10-20 23:34:04'),
(483, 11, 12, 82, '', 245, 5, '', '', '', '2021-10-20 23:34:04', '2021-10-20 23:34:04'),
(484, 11, 12, 82, '', 409, 4, '', '', '', '2021-10-20 23:34:04', '2021-10-20 23:34:04'),
(485, 11, 12, 82, '', 412, 4, '', '', '', '2021-10-20 23:34:04', '2021-10-20 23:34:04'),
(486, 11, 5, 28, '', 180, 1, '', '', '', '2021-10-20 23:34:04', '2021-10-20 23:34:04'),
(487, 11, 5, 28, '', 346, 2, '', '', '', '2021-10-20 23:34:04', '2021-10-20 23:34:04'),
(488, 11, 5, 105, '', 88, 1, '', '', '', '2021-10-20 23:34:04', '2021-10-20 23:34:04'),
(489, 11, 5, 105, '', 416, 4, '', '', '', '2021-10-20 23:34:04', '2021-10-20 23:34:04'),
(490, 11, 5, 105, '', 525, 3, '', '', '', '2021-10-20 23:34:04', '2021-10-20 23:34:04'),
(491, 10, 14, 8, '', 60, 1, '', '', '', '2021-10-20 23:34:10', '2021-10-20 23:34:10'),
(492, 10, 14, 8, '', 527, 3, '', '', '', '2021-10-20 23:34:10', '2021-10-20 23:34:10'),
(493, 10, 14, 25, '', 138, 1, '', '', '', '2021-10-20 23:34:10', '2021-10-20 23:34:10'),
(494, 10, 14, 39, '', 28, 1, '', '', '', '2021-10-20 23:34:10', '2021-10-20 23:34:10'),
(495, 10, 14, 39, '', 48, 1, '', '', '', '2021-10-20 23:34:10', '2021-10-20 23:34:10'),
(496, 10, 14, 39, '', 101, 1, '', '', '', '2021-10-20 23:34:10', '2021-10-20 23:34:10'),
(497, 10, 14, 39, '', 102, 1, '', '', '', '2021-10-20 23:34:10', '2021-10-20 23:34:10'),
(498, 10, 14, 39, '', 326, 2, '', '', '', '2021-10-20 23:34:10', '2021-10-20 23:34:10'),
(499, 10, 14, 39, '', 522, 3, '', '', '', '2021-10-20 23:34:10', '2021-10-20 23:34:10'),
(500, 10, 14, 39, '', 527, 3, '', '', '', '2021-10-20 23:34:10', '2021-10-20 23:34:10'),
(501, 10, 14, 40, '', 38, 1, '', '', '', '2021-10-20 23:34:10', '2021-10-20 23:34:10'),
(502, 10, 14, 40, '', 527, 3, '', '', '', '2021-10-20 23:34:10', '2021-10-20 23:34:10'),
(503, 10, 14, 154, '', 13, 1, '', '', '', '2021-10-20 23:34:10', '2021-10-20 23:34:10'),
(504, 10, 14, 154, '', 28, 1, '', '', '', '2021-10-20 23:34:10', '2021-10-20 23:34:10'),
(505, 10, 14, 154, '', 81, 1, '', '', '', '2021-10-20 23:34:10', '2021-10-20 23:34:10'),
(506, 10, 14, 154, '', 165, 1, '', '', '', '2021-10-20 23:34:10', '2021-10-20 23:34:10'),
(507, 10, 14, 154, '', 209, 1, '', '', '', '2021-10-20 23:34:10', '2021-10-20 23:34:10'),
(508, 10, 14, 154, '', 415, 4, '', '', '', '2021-10-20 23:34:10', '2021-10-20 23:34:10'),
(509, 10, 1, 156, '', 41, 1, '', '', '', '2021-10-20 23:34:10', '2021-10-20 23:34:10'),
(510, 10, 1, 156, '', 73, 1, '', '', '', '2021-10-20 23:34:10', '2021-10-20 23:34:10'),
(511, 10, 1, 156, '', 74, 1, '', '', '', '2021-10-20 23:34:10', '2021-10-20 23:34:10'),
(512, 10, 1, 156, '', 311, 2, '', '', '', '2021-10-20 23:34:10', '2021-10-20 23:34:10'),
(513, 10, 1, 156, '', 312, 2, '', '', '', '2021-10-20 23:34:10', '2021-10-20 23:34:10'),
(514, 10, 1, 156, '', 316, 2, '', '', '', '2021-10-20 23:34:10', '2021-10-20 23:34:10'),
(515, 10, 1, 156, '', 318, 2, '', '', '', '2021-10-20 23:34:10', '2021-10-20 23:34:10'),
(516, 10, 1, 156, '', 319, 2, '', '', '', '2021-10-20 23:34:10', '2021-10-20 23:34:10'),
(517, 10, 1, 156, '', 329, 2, '', '', '', '2021-10-20 23:34:10', '2021-10-20 23:34:10'),
(518, 10, 1, 156, '', 363, 2, '', '', '', '2021-10-20 23:34:10', '2021-10-20 23:34:10'),
(519, 10, 12, 114, '', 17, 1, '', '', '', '2021-10-20 23:34:10', '2021-10-20 23:34:10'),
(520, 10, 12, 114, '', 22, 1, '', '', '', '2021-10-20 23:34:10', '2021-10-20 23:34:10'),
(521, 10, 12, 114, '', 23, 1, '', '', '', '2021-10-20 23:34:10', '2021-10-20 23:34:10'),
(522, 10, 12, 114, '', 47, 1, '', '', '', '2021-10-20 23:34:10', '2021-10-20 23:34:10'),
(523, 10, 12, 114, '', 51, 1, '', '', '', '2021-10-20 23:34:10', '2021-10-20 23:34:10'),
(524, 10, 12, 114, '', 68, 1, '', '', '', '2021-10-20 23:34:10', '2021-10-20 23:34:10'),
(525, 10, 12, 114, '', 73, 1, '', '', '', '2021-10-20 23:34:10', '2021-10-20 23:34:10'),
(526, 10, 12, 114, '', 100, 1, '', '', '', '2021-10-20 23:34:10', '2021-10-20 23:34:10'),
(527, 10, 12, 114, '', 312, 2, '', '', '', '2021-10-20 23:34:10', '2021-10-20 23:34:10'),
(528, 10, 12, 114, '', 318, 2, '', '', '', '2021-10-20 23:34:10', '2021-10-20 23:34:10'),
(529, 10, 12, 114, '', 386, 2, '', '', '', '2021-10-20 23:34:10', '2021-10-20 23:34:10'),
(530, 10, 12, 114, '', 224, 5, '', '', '', '2021-10-20 23:34:10', '2021-10-20 23:34:10'),
(531, 10, 12, 115, '', 54, 1, '', '', '', '2021-10-20 23:34:10', '2021-10-20 23:34:10'),
(532, 10, 12, 115, '', 73, 1, '', '', '', '2021-10-20 23:34:10', '2021-10-20 23:34:10'),
(533, 10, 12, 115, '', 290, 5, '', '', '', '2021-10-20 23:34:10', '2021-10-20 23:34:10'),
(534, 10, 12, 131, '', 374, 2, '', '', '', '2021-10-20 23:34:10', '2021-10-20 23:34:10'),
(535, 10, 12, 131, '', 387, 2, '', '', '', '2021-10-20 23:34:10', '2021-10-20 23:34:10'),
(536, 10, 12, 131, '', 220, 5, '', '', '', '2021-10-20 23:34:10', '2021-10-20 23:34:10'),
(537, 10, 12, 131, '', 409, 4, '', '', '', '2021-10-20 23:34:10', '2021-10-20 23:34:10'),
(538, 10, 12, 131, '', 412, 4, '', '', '', '2021-10-20 23:34:10', '2021-10-20 23:34:10'),
(539, 10, 10, 155, '', 257, 5, '', '', '', '2021-10-20 23:34:10', '2021-10-20 23:34:10'),
(540, 10, 4, 153, '', 71, 1, '', '', '', '2021-10-20 23:34:10', '2021-10-20 23:34:10'),
(541, 10, 4, 153, '', 72, 1, '', '', '', '2021-10-20 23:34:10', '2021-10-20 23:34:10'),
(542, 10, 4, 153, '', 100, 1, '', '', '', '2021-10-20 23:34:10', '2021-10-20 23:34:10'),
(543, 10, 4, 153, '', 108, 1, '', '', '', '2021-10-20 23:34:10', '2021-10-20 23:34:10'),
(544, 10, 4, 153, '', 109, 1, '', '', '', '2021-10-20 23:34:10', '2021-10-20 23:34:10'),
(545, 10, 4, 153, '', 110, 1, '', '', '', '2021-10-20 23:34:10', '2021-10-20 23:34:10'),
(546, 10, 4, 153, '', 111, 1, '', '', '', '2021-10-20 23:34:10', '2021-10-20 23:34:10'),
(547, 10, 4, 153, '', 316, 2, '', '', '', '2021-10-20 23:34:10', '2021-10-20 23:34:10'),
(548, 10, 4, 153, '', 317, 2, '', '', '', '2021-10-20 23:34:10', '2021-10-20 23:34:10'),
(549, 10, 4, 153, '', 319, 2, '', '', '', '2021-10-20 23:34:10', '2021-10-20 23:34:10'),
(550, 10, 4, 153, '', 329, 2, '', '', '', '2021-10-20 23:34:10', '2021-10-20 23:34:10'),
(551, 10, 4, 153, '', 330, 2, '', '', '', '2021-10-20 23:34:10', '2021-10-20 23:34:10'),
(552, 10, 4, 153, '', 331, 2, '', '', '', '2021-10-20 23:34:10', '2021-10-20 23:34:10'),
(553, 10, 4, 153, '', 518, 3, '', '', '', '2021-10-20 23:34:10', '2021-10-20 23:34:10'),
(554, 10, 4, 153, '', 521, 3, '', '', '', '2021-10-20 23:34:10', '2021-10-20 23:34:10'),
(555, 10, 4, 153, '', 522, 3, '', '', '', '2021-10-20 23:34:10', '2021-10-20 23:34:10'),
(556, 10, 4, 153, '', 523, 3, '', '', '', '2021-10-20 23:34:10', '2021-10-20 23:34:10'),
(557, 10, 4, 153, '', 528, 3, '', '', '', '2021-10-20 23:34:10', '2021-10-20 23:34:10'),
(558, 10, 5, 26, '', 316, 2, '', '', '', '2021-10-20 23:34:10', '2021-10-20 23:34:10'),
(559, 10, 5, 26, '', 317, 2, '', '', '', '2021-10-20 23:34:10', '2021-10-20 23:34:10'),
(560, 10, 5, 26, '', 342, 2, '', '', '', '2021-10-20 23:34:10', '2021-10-20 23:34:10'),
(561, 10, 5, 26, '', 343, 2, '', '', '', '2021-10-20 23:34:10', '2021-10-20 23:34:10'),
(562, 10, 5, 26, '', 344, 2, '', '', '', '2021-10-20 23:34:10', '2021-10-20 23:34:10'),
(563, 10, 5, 26, '', 345, 2, '', '', '', '2021-10-20 23:34:10', '2021-10-20 23:34:10'),
(564, 10, 5, 28, '', 180, 1, '', '', '', '2021-10-20 23:34:10', '2021-10-20 23:34:10'),
(565, 10, 5, 28, '', 346, 2, '', '', '', '2021-10-20 23:34:10', '2021-10-20 23:34:10'),
(566, 10, 5, 139, '', 289, 5, '', '', '', '2021-10-20 23:34:10', '2021-10-20 23:34:10'),
(567, 10, 22, 113, '', 47, 1, '', '', '', '2021-10-20 23:34:10', '2021-10-20 23:34:10'),
(568, 10, 22, 113, '', 88, 1, '', '', '', '2021-10-20 23:34:10', '2021-10-20 23:34:10'),
(569, 10, 22, 113, '', 156, 1, '', '', '', '2021-10-20 23:34:10', '2021-10-20 23:34:10'),
(570, 10, 22, 113, '', 164, 1, '', '', '', '2021-10-20 23:34:10', '2021-10-20 23:34:10'),
(571, 10, 28, 128, '', 537, 5, '', '', '', '2021-10-20 23:34:10', '2021-10-20 23:34:10'),
(572, 6, 14, 20, '', 46, 1, '', '', '', '2021-10-20 23:34:22', '2021-10-20 23:34:22'),
(573, 6, 14, 20, '', 47, 1, '', '', '', '2021-10-20 23:34:22', '2021-10-20 23:34:22'),
(574, 6, 14, 29, '', 1, 1, '', '', '', '2021-10-20 23:34:22', '2021-10-20 23:34:22'),
(575, 6, 14, 29, '', 2, 1, '', '', '', '2021-10-20 23:34:22', '2021-10-20 23:34:22'),
(576, 6, 14, 29, '', 3, 1, '', '', '', '2021-10-20 23:34:22', '2021-10-20 23:34:22');
INSERT INTO `booking_items` (`id`, `booking_id`, `menu_category_id`, `menu_id`, `menu_list`, `item_id`, `item_category_id`, `weight`, `unit`, `INR`, `created_at`, `updated_at`) VALUES
(577, 6, 14, 29, '', 4, 1, '', '', '', '2021-10-20 23:34:22', '2021-10-20 23:34:22'),
(578, 6, 14, 29, '', 5, 1, '', '', '', '2021-10-20 23:34:22', '2021-10-20 23:34:22'),
(579, 6, 14, 29, '', 6, 1, '', '', '', '2021-10-20 23:34:22', '2021-10-20 23:34:22'),
(580, 6, 14, 29, '', 8, 1, '', '', '', '2021-10-20 23:34:22', '2021-10-20 23:34:22'),
(581, 6, 14, 29, '', 9, 1, '', '', '', '2021-10-20 23:34:22', '2021-10-20 23:34:22'),
(582, 6, 14, 29, '', 10, 1, '', '', '', '2021-10-20 23:34:22', '2021-10-20 23:34:22'),
(583, 6, 14, 29, '', 11, 1, '', '', '', '2021-10-20 23:34:22', '2021-10-20 23:34:22'),
(584, 6, 14, 29, '', 12, 1, '', '', '', '2021-10-20 23:34:22', '2021-10-20 23:34:22'),
(585, 6, 14, 29, '', 13, 1, '', '', '', '2021-10-20 23:34:22', '2021-10-20 23:34:22'),
(586, 6, 14, 29, '', 14, 1, '', '', '', '2021-10-20 23:34:22', '2021-10-20 23:34:22'),
(587, 6, 14, 29, '', 15, 1, '', '', '', '2021-10-20 23:34:22', '2021-10-20 23:34:22'),
(588, 6, 14, 29, '', 16, 1, '', '', '', '2021-10-20 23:34:22', '2021-10-20 23:34:22'),
(589, 6, 14, 29, '', 17, 1, '', '', '', '2021-10-20 23:34:22', '2021-10-20 23:34:22'),
(590, 6, 14, 29, '', 18, 1, '', '', '', '2021-10-20 23:34:22', '2021-10-20 23:34:22'),
(591, 6, 14, 29, '', 118, 1, '', '', '', '2021-10-20 23:34:22', '2021-10-20 23:34:22'),
(592, 6, 14, 29, '', 119, 1, '', '', '', '2021-10-20 23:34:22', '2021-10-20 23:34:22'),
(593, 6, 14, 29, '', 120, 1, '', '', '', '2021-10-20 23:34:22', '2021-10-20 23:34:22'),
(594, 6, 14, 29, '', 121, 1, '', '', '', '2021-10-20 23:34:22', '2021-10-20 23:34:22'),
(595, 6, 14, 29, '', 122, 1, '', '', '', '2021-10-20 23:34:22', '2021-10-20 23:34:22'),
(596, 6, 14, 29, '', 123, 1, '', '', '', '2021-10-20 23:34:22', '2021-10-20 23:34:22'),
(597, 6, 14, 29, '', 318, 2, '', '', '', '2021-10-20 23:34:22', '2021-10-20 23:34:22'),
(598, 6, 14, 29, '', 320, 2, '', '', '', '2021-10-20 23:34:22', '2021-10-20 23:34:22'),
(599, 6, 14, 29, '', 321, 2, '', '', '', '2021-10-20 23:34:22', '2021-10-20 23:34:22'),
(600, 6, 14, 29, '', 322, 2, '', '', '', '2021-10-20 23:34:22', '2021-10-20 23:34:22'),
(601, 6, 14, 29, '', 323, 2, '', '', '', '2021-10-20 23:34:22', '2021-10-20 23:34:22'),
(602, 6, 14, 29, '', 324, 2, '', '', '', '2021-10-20 23:34:22', '2021-10-20 23:34:22'),
(603, 6, 14, 29, '', 377, 2, '', '', '', '2021-10-20 23:34:22', '2021-10-20 23:34:22'),
(604, 6, 14, 29, '', 399, 4, '', '', '', '2021-10-20 23:34:22', '2021-10-20 23:34:22'),
(605, 6, 14, 29, '', 400, 4, '', '', '', '2021-10-20 23:34:22', '2021-10-20 23:34:22'),
(606, 6, 14, 29, '', 401, 4, '', '', '', '2021-10-20 23:34:22', '2021-10-20 23:34:22'),
(607, 6, 14, 29, '', 402, 4, '', '', '', '2021-10-20 23:34:22', '2021-10-20 23:34:22'),
(608, 6, 14, 29, '', 403, 4, '', '', '', '2021-10-20 23:34:22', '2021-10-20 23:34:22'),
(609, 6, 14, 29, '', 404, 4, '', '', '', '2021-10-20 23:34:22', '2021-10-20 23:34:22'),
(610, 6, 14, 29, '', 409, 4, '', '', '', '2021-10-20 23:34:22', '2021-10-20 23:34:22'),
(611, 6, 14, 29, '', 417, 4, '', '', '', '2021-10-20 23:34:22', '2021-10-20 23:34:22'),
(612, 6, 14, 29, '', 418, 4, '', '', '', '2021-10-20 23:34:22', '2021-10-20 23:34:22'),
(613, 6, 14, 29, '', 419, 4, '', '', '', '2021-10-20 23:34:22', '2021-10-20 23:34:22'),
(614, 6, 1, 3, '', 41, 1, '', '', '', '2021-10-20 23:34:22', '2021-10-20 23:34:22'),
(615, 6, 1, 3, '', 73, 1, '', '', '', '2021-10-20 23:34:22', '2021-10-20 23:34:22'),
(616, 6, 1, 3, '', 308, 2, '', '', '', '2021-10-20 23:34:22', '2021-10-20 23:34:22'),
(617, 6, 1, 3, '', 311, 2, '', '', '', '2021-10-20 23:34:22', '2021-10-20 23:34:22'),
(618, 6, 1, 3, '', 312, 2, '', '', '', '2021-10-20 23:34:22', '2021-10-20 23:34:22'),
(619, 6, 1, 3, '', 313, 2, '', '', '', '2021-10-20 23:34:22', '2021-10-20 23:34:22'),
(620, 6, 1, 3, '', 314, 2, '', '', '', '2021-10-20 23:34:22', '2021-10-20 23:34:22'),
(621, 6, 1, 3, '', 316, 2, '', '', '', '2021-10-20 23:34:22', '2021-10-20 23:34:22'),
(622, 6, 1, 3, '', 318, 2, '', '', '', '2021-10-20 23:34:22', '2021-10-20 23:34:22'),
(623, 6, 12, 36, '', 48, 1, '', '', '', '2021-10-20 23:34:22', '2021-10-20 23:34:22'),
(624, 6, 12, 36, '', 62, 1, '', '', '', '2021-10-20 23:34:22', '2021-10-20 23:34:22'),
(625, 6, 12, 36, '', 63, 1, '', '', '', '2021-10-20 23:34:22', '2021-10-20 23:34:22'),
(626, 6, 12, 36, '', 65, 1, '', '', '', '2021-10-20 23:34:22', '2021-10-20 23:34:22'),
(627, 6, 12, 36, '', 67, 1, '', '', '', '2021-10-20 23:34:22', '2021-10-20 23:34:22'),
(628, 6, 12, 36, '', 311, 2, '', '', '', '2021-10-20 23:34:22', '2021-10-20 23:34:22'),
(629, 6, 12, 36, '', 312, 2, '', '', '', '2021-10-20 23:34:22', '2021-10-20 23:34:22'),
(630, 6, 12, 36, '', 318, 2, '', '', '', '2021-10-20 23:34:22', '2021-10-20 23:34:22'),
(631, 6, 12, 36, '', 329, 2, '', '', '', '2021-10-20 23:34:22', '2021-10-20 23:34:22'),
(632, 6, 12, 36, '', 341, 2, '', '', '', '2021-10-20 23:34:22', '2021-10-20 23:34:22'),
(633, 6, 12, 36, '', 342, 2, '', '', '', '2021-10-20 23:34:22', '2021-10-20 23:34:22'),
(634, 6, 12, 36, '', 231, 5, '', '', '', '2021-10-20 23:34:22', '2021-10-20 23:34:22'),
(635, 6, 12, 36, '', 520, 3, '', '', '', '2021-10-20 23:34:22', '2021-10-20 23:34:22'),
(636, 6, 10, 106, '', 256, 5, '', '', '', '2021-10-20 23:34:22', '2021-10-20 23:34:22'),
(637, 6, 4, 43, '', 75, 1, '', '', '', '2021-10-20 23:34:22', '2021-10-20 23:34:22'),
(638, 6, 4, 43, '', 91, 1, '', '', '', '2021-10-20 23:34:22', '2021-10-20 23:34:22'),
(639, 6, 4, 43, '', 100, 1, '', '', '', '2021-10-20 23:34:22', '2021-10-20 23:34:22'),
(640, 6, 4, 43, '', 101, 1, '', '', '', '2021-10-20 23:34:22', '2021-10-20 23:34:22'),
(641, 6, 4, 43, '', 102, 1, '', '', '', '2021-10-20 23:34:22', '2021-10-20 23:34:22'),
(642, 6, 4, 43, '', 103, 1, '', '', '', '2021-10-20 23:34:22', '2021-10-20 23:34:22'),
(643, 6, 4, 43, '', 104, 1, '', '', '', '2021-10-20 23:34:22', '2021-10-20 23:34:22'),
(644, 6, 4, 43, '', 105, 1, '', '', '', '2021-10-20 23:34:22', '2021-10-20 23:34:22'),
(645, 6, 4, 43, '', 106, 1, '', '', '', '2021-10-20 23:34:22', '2021-10-20 23:34:22'),
(646, 6, 4, 43, '', 108, 1, '', '', '', '2021-10-20 23:34:22', '2021-10-20 23:34:22'),
(647, 6, 4, 43, '', 109, 1, '', '', '', '2021-10-20 23:34:22', '2021-10-20 23:34:22'),
(648, 6, 4, 43, '', 110, 1, '', '', '', '2021-10-20 23:34:22', '2021-10-20 23:34:22'),
(649, 6, 4, 43, '', 111, 1, '', '', '', '2021-10-20 23:34:22', '2021-10-20 23:34:22'),
(650, 6, 4, 43, '', 153, 1, '', '', '', '2021-10-20 23:34:22', '2021-10-20 23:34:22'),
(651, 6, 4, 43, '', 316, 2, '', '', '', '2021-10-20 23:34:22', '2021-10-20 23:34:22'),
(652, 6, 4, 43, '', 317, 2, '', '', '', '2021-10-20 23:34:22', '2021-10-20 23:34:22'),
(653, 6, 4, 43, '', 319, 2, '', '', '', '2021-10-20 23:34:22', '2021-10-20 23:34:22'),
(654, 6, 4, 43, '', 329, 2, '', '', '', '2021-10-20 23:34:22', '2021-10-20 23:34:22'),
(655, 6, 4, 43, '', 520, 3, '', '', '', '2021-10-20 23:34:22', '2021-10-20 23:34:22'),
(656, 6, 4, 43, '', 523, 3, '', '', '', '2021-10-20 23:34:22', '2021-10-20 23:34:22'),
(657, 6, 4, 43, '', 528, 3, '', '', '', '2021-10-20 23:34:22', '2021-10-20 23:34:22'),
(658, 6, 16, 44, '', 22, 1, '', '', '', '2021-10-20 23:34:22', '2021-10-20 23:34:22'),
(659, 6, 16, 44, '', 23, 1, '', '', '', '2021-10-20 23:34:22', '2021-10-20 23:34:22'),
(660, 6, 16, 44, '', 59, 1, '', '', '', '2021-10-20 23:34:22', '2021-10-20 23:34:22'),
(661, 6, 16, 44, '', 75, 1, '', '', '', '2021-10-20 23:34:22', '2021-10-20 23:34:22'),
(662, 6, 16, 44, '', 99, 1, '', '', '', '2021-10-20 23:34:22', '2021-10-20 23:34:22'),
(663, 6, 16, 44, '', 101, 1, '', '', '', '2021-10-20 23:34:22', '2021-10-20 23:34:22'),
(664, 6, 16, 44, '', 102, 1, '', '', '', '2021-10-20 23:34:22', '2021-10-20 23:34:22'),
(665, 6, 16, 44, '', 311, 2, '', '', '', '2021-10-20 23:34:22', '2021-10-20 23:34:22'),
(666, 6, 16, 44, '', 312, 2, '', '', '', '2021-10-20 23:34:22', '2021-10-20 23:34:22'),
(667, 6, 16, 44, '', 316, 2, '', '', '', '2021-10-20 23:34:22', '2021-10-20 23:34:22'),
(668, 6, 16, 44, '', 317, 2, '', '', '', '2021-10-20 23:34:22', '2021-10-20 23:34:22'),
(669, 6, 16, 44, '', 319, 2, '', '', '', '2021-10-20 23:34:22', '2021-10-20 23:34:22'),
(670, 6, 16, 44, '', 329, 2, '', '', '', '2021-10-20 23:34:22', '2021-10-20 23:34:22'),
(671, 6, 16, 44, '', 342, 2, '', '', '', '2021-10-20 23:34:22', '2021-10-20 23:34:22'),
(672, 6, 16, 44, '', 363, 2, '', '', '', '2021-10-20 23:34:22', '2021-10-20 23:34:22'),
(673, 6, 16, 44, '', 364, 2, '', '', '', '2021-10-20 23:34:22', '2021-10-20 23:34:22'),
(674, 6, 5, 38, '', 138, 1, '', '', '', '2021-10-20 23:34:22', '2021-10-20 23:34:22'),
(675, 6, 5, 105, '', 88, 1, '', '', '', '2021-10-20 23:34:22', '2021-10-20 23:34:22'),
(676, 6, 5, 105, '', 416, 4, '', '', '', '2021-10-20 23:34:22', '2021-10-20 23:34:22'),
(677, 6, 5, 105, '', 525, 3, '', '', '', '2021-10-20 23:34:22', '2021-10-20 23:34:22'),
(678, 5, 14, 20, '', 46, 1, '', '', '', '2021-10-20 23:34:28', '2021-10-20 23:34:28'),
(679, 5, 14, 20, '', 47, 1, '', '', '', '2021-10-20 23:34:28', '2021-10-20 23:34:28'),
(680, 5, 14, 21, '', 46, 1, '', '', '', '2021-10-20 23:34:28', '2021-10-20 23:34:28'),
(681, 5, 14, 21, '', 527, 3, '', '', '', '2021-10-20 23:34:28', '2021-10-20 23:34:28'),
(682, 5, 1, 4, '', 41, 1, '', '', '', '2021-10-20 23:34:28', '2021-10-20 23:34:28'),
(683, 5, 1, 4, '', 73, 1, '', '', '', '2021-10-20 23:34:28', '2021-10-20 23:34:28'),
(684, 5, 1, 4, '', 74, 1, '', '', '', '2021-10-20 23:34:28', '2021-10-20 23:34:28'),
(685, 5, 1, 4, '', 310, 2, '', '', '', '2021-10-20 23:34:28', '2021-10-20 23:34:28'),
(686, 5, 1, 4, '', 311, 2, '', '', '', '2021-10-20 23:34:28', '2021-10-20 23:34:28'),
(687, 5, 1, 4, '', 313, 2, '', '', '', '2021-10-20 23:34:28', '2021-10-20 23:34:28'),
(688, 5, 1, 4, '', 314, 2, '', '', '', '2021-10-20 23:34:28', '2021-10-20 23:34:28'),
(689, 5, 1, 4, '', 318, 2, '', '', '', '2021-10-20 23:34:28', '2021-10-20 23:34:28'),
(690, 5, 12, 97, '', 17, 1, '', '', '', '2021-10-20 23:34:28', '2021-10-20 23:34:28'),
(691, 5, 12, 97, '', 22, 1, '', '', '', '2021-10-20 23:34:28', '2021-10-20 23:34:28'),
(692, 5, 12, 97, '', 23, 1, '', '', '', '2021-10-20 23:34:28', '2021-10-20 23:34:28'),
(693, 5, 12, 97, '', 47, 1, '', '', '', '2021-10-20 23:34:28', '2021-10-20 23:34:28'),
(694, 5, 12, 97, '', 68, 1, '', '', '', '2021-10-20 23:34:28', '2021-10-20 23:34:28'),
(695, 5, 12, 97, '', 73, 1, '', '', '', '2021-10-20 23:34:28', '2021-10-20 23:34:28'),
(696, 5, 12, 97, '', 312, 2, '', '', '', '2021-10-20 23:34:28', '2021-10-20 23:34:28'),
(697, 5, 12, 97, '', 318, 2, '', '', '', '2021-10-20 23:34:28', '2021-10-20 23:34:28'),
(698, 5, 12, 97, '', 386, 2, '', '', '', '2021-10-20 23:34:28', '2021-10-20 23:34:28'),
(699, 5, 12, 97, '', 224, 5, '', '', '', '2021-10-20 23:34:28', '2021-10-20 23:34:28'),
(700, 5, 10, 51, '', 147, 1, '', '', '', '2021-10-20 23:34:28', '2021-10-20 23:34:28'),
(701, 5, 10, 51, '', 165, 1, '', '', '', '2021-10-20 23:34:28', '2021-10-20 23:34:28'),
(702, 5, 10, 51, '', 253, 5, '', '', '', '2021-10-20 23:34:28', '2021-10-20 23:34:28'),
(703, 5, 10, 51, '', 526, 3, '', '', '', '2021-10-20 23:34:28', '2021-10-20 23:34:28'),
(704, 5, 4, 103, '', 75, 1, '', '', '', '2021-10-20 23:34:28', '2021-10-20 23:34:28'),
(705, 5, 4, 103, '', 91, 1, '', '', '', '2021-10-20 23:34:28', '2021-10-20 23:34:28'),
(706, 5, 4, 103, '', 100, 1, '', '', '', '2021-10-20 23:34:28', '2021-10-20 23:34:28'),
(707, 5, 4, 103, '', 103, 1, '', '', '', '2021-10-20 23:34:28', '2021-10-20 23:34:28'),
(708, 5, 4, 103, '', 104, 1, '', '', '', '2021-10-20 23:34:28', '2021-10-20 23:34:28'),
(709, 5, 4, 103, '', 105, 1, '', '', '', '2021-10-20 23:34:28', '2021-10-20 23:34:28'),
(710, 5, 4, 103, '', 108, 1, '', '', '', '2021-10-20 23:34:28', '2021-10-20 23:34:28'),
(711, 5, 4, 103, '', 109, 1, '', '', '', '2021-10-20 23:34:28', '2021-10-20 23:34:28'),
(712, 5, 4, 103, '', 110, 1, '', '', '', '2021-10-20 23:34:28', '2021-10-20 23:34:28'),
(713, 5, 4, 103, '', 111, 1, '', '', '', '2021-10-20 23:34:28', '2021-10-20 23:34:28'),
(714, 5, 4, 103, '', 153, 1, '', '', '', '2021-10-20 23:34:28', '2021-10-20 23:34:28'),
(715, 5, 4, 103, '', 316, 2, '', '', '', '2021-10-20 23:34:28', '2021-10-20 23:34:28'),
(716, 5, 4, 103, '', 317, 2, '', '', '', '2021-10-20 23:34:28', '2021-10-20 23:34:28'),
(717, 5, 4, 103, '', 319, 2, '', '', '', '2021-10-20 23:34:28', '2021-10-20 23:34:28'),
(718, 5, 4, 103, '', 258, 5, '', '', '', '2021-10-20 23:34:28', '2021-10-20 23:34:28'),
(719, 5, 4, 103, '', 518, 3, '', '', '', '2021-10-20 23:34:28', '2021-10-20 23:34:28'),
(720, 5, 4, 103, '', 520, 3, '', '', '', '2021-10-20 23:34:28', '2021-10-20 23:34:28'),
(721, 5, 4, 103, '', 523, 3, '', '', '', '2021-10-20 23:34:28', '2021-10-20 23:34:28'),
(722, 5, 4, 103, '', 528, 3, '', '', '', '2021-10-20 23:34:28', '2021-10-20 23:34:28'),
(723, 5, 16, 23, '', 37, 1, '', '', '', '2021-10-20 23:34:28', '2021-10-20 23:34:28'),
(724, 5, 16, 23, '', 38, 1, '', '', '', '2021-10-20 23:34:28', '2021-10-20 23:34:28'),
(725, 5, 16, 23, '', 101, 1, '', '', '', '2021-10-20 23:34:28', '2021-10-20 23:34:28'),
(726, 5, 16, 23, '', 102, 1, '', '', '', '2021-10-20 23:34:28', '2021-10-20 23:34:28'),
(727, 5, 16, 23, '', 316, 2, '', '', '', '2021-10-20 23:34:28', '2021-10-20 23:34:28'),
(728, 5, 16, 23, '', 317, 2, '', '', '', '2021-10-20 23:34:28', '2021-10-20 23:34:28'),
(729, 5, 16, 23, '', 319, 2, '', '', '', '2021-10-20 23:34:28', '2021-10-20 23:34:28'),
(730, 5, 16, 23, '', 527, 3, '', '', '', '2021-10-20 23:34:28', '2021-10-20 23:34:28'),
(731, 5, 16, 24, '', 59, 1, '', '', '', '2021-10-20 23:34:28', '2021-10-20 23:34:28'),
(732, 5, 16, 24, '', 75, 1, '', '', '', '2021-10-20 23:34:28', '2021-10-20 23:34:28'),
(733, 5, 16, 24, '', 101, 1, '', '', '', '2021-10-20 23:34:28', '2021-10-20 23:34:28'),
(734, 5, 16, 24, '', 102, 1, '', '', '', '2021-10-20 23:34:28', '2021-10-20 23:34:28'),
(735, 5, 16, 24, '', 527, 3, '', '', '', '2021-10-20 23:34:28', '2021-10-20 23:34:28'),
(736, 5, 5, 26, '', 316, 2, '', '', '', '2021-10-20 23:34:28', '2021-10-20 23:34:28'),
(737, 5, 5, 26, '', 317, 2, '', '', '', '2021-10-20 23:34:28', '2021-10-20 23:34:28'),
(738, 5, 5, 26, '', 342, 2, '', '', '', '2021-10-20 23:34:28', '2021-10-20 23:34:28'),
(739, 5, 5, 26, '', 343, 2, '', '', '', '2021-10-20 23:34:28', '2021-10-20 23:34:28'),
(740, 5, 5, 26, '', 344, 2, '', '', '', '2021-10-20 23:34:28', '2021-10-20 23:34:28'),
(741, 5, 5, 26, '', 345, 2, '', '', '', '2021-10-20 23:34:28', '2021-10-20 23:34:28'),
(742, 5, 5, 79, '', 138, 1, '', '', '', '2021-10-20 23:34:28', '2021-10-20 23:34:28'),
(743, 1, 14, 20, '', 46, 1, '', '', '', '2021-10-20 23:34:34', '2021-10-20 23:34:34'),
(744, 1, 14, 20, '', 47, 1, '', '', '', '2021-10-20 23:34:34', '2021-10-20 23:34:34'),
(745, 1, 14, 21, '', 46, 1, '', '', '', '2021-10-20 23:34:34', '2021-10-20 23:34:34'),
(746, 1, 14, 21, '', 527, 3, '', '', '', '2021-10-20 23:34:34', '2021-10-20 23:34:34'),
(747, 1, 14, 25, '', 138, 1, '', '', '', '2021-10-20 23:34:34', '2021-10-20 23:34:34'),
(748, 1, 14, 30, '', 157, 1, '', '', '', '2021-10-20 23:34:34', '2021-10-20 23:34:34'),
(749, 1, 14, 30, '', 158, 1, '', '', '', '2021-10-20 23:34:34', '2021-10-20 23:34:34'),
(750, 1, 14, 30, '', 374, 2, '', '', '', '2021-10-20 23:34:34', '2021-10-20 23:34:34'),
(751, 1, 1, 4, '', 41, 1, '', '', '', '2021-10-20 23:34:34', '2021-10-20 23:34:34'),
(752, 1, 1, 4, '', 73, 1, '', '', '', '2021-10-20 23:34:34', '2021-10-20 23:34:34'),
(753, 1, 1, 4, '', 74, 1, '', '', '', '2021-10-20 23:34:34', '2021-10-20 23:34:34'),
(754, 1, 1, 4, '', 310, 2, '', '', '', '2021-10-20 23:34:34', '2021-10-20 23:34:34'),
(755, 1, 1, 4, '', 311, 2, '', '', '', '2021-10-20 23:34:34', '2021-10-20 23:34:34'),
(756, 1, 1, 4, '', 313, 2, '', '', '', '2021-10-20 23:34:34', '2021-10-20 23:34:34'),
(757, 1, 1, 4, '', 314, 2, '', '', '', '2021-10-20 23:34:34', '2021-10-20 23:34:34'),
(758, 1, 1, 4, '', 318, 2, '', '', '', '2021-10-20 23:34:34', '2021-10-20 23:34:34'),
(759, 1, 12, 9, '', 47, 1, '', '', '', '2021-10-20 23:34:34', '2021-10-20 23:34:34'),
(760, 1, 12, 9, '', 48, 1, '', '', '', '2021-10-20 23:34:34', '2021-10-20 23:34:34'),
(761, 1, 12, 9, '', 50, 1, '', '', '', '2021-10-20 23:34:34', '2021-10-20 23:34:34'),
(762, 1, 12, 9, '', 62, 1, '', '', '', '2021-10-20 23:34:34', '2021-10-20 23:34:34'),
(763, 1, 12, 9, '', 63, 1, '', '', '', '2021-10-20 23:34:34', '2021-10-20 23:34:34'),
(764, 1, 12, 9, '', 64, 1, '', '', '', '2021-10-20 23:34:34', '2021-10-20 23:34:34'),
(765, 1, 12, 9, '', 65, 1, '', '', '', '2021-10-20 23:34:34', '2021-10-20 23:34:34'),
(766, 1, 12, 9, '', 71, 1, '', '', '', '2021-10-20 23:34:34', '2021-10-20 23:34:34'),
(767, 1, 12, 9, '', 72, 1, '', '', '', '2021-10-20 23:34:34', '2021-10-20 23:34:34'),
(768, 1, 12, 9, '', 163, 1, '', '', '', '2021-10-20 23:34:34', '2021-10-20 23:34:34'),
(769, 1, 12, 9, '', 316, 2, '', '', '', '2021-10-20 23:34:34', '2021-10-20 23:34:34'),
(770, 1, 12, 9, '', 329, 2, '', '', '', '2021-10-20 23:34:34', '2021-10-20 23:34:34'),
(771, 1, 12, 9, '', 330, 2, '', '', '', '2021-10-20 23:34:34', '2021-10-20 23:34:34'),
(772, 1, 12, 9, '', 331, 2, '', '', '', '2021-10-20 23:34:34', '2021-10-20 23:34:34'),
(773, 1, 12, 9, '', 336, 2, '', '', '', '2021-10-20 23:34:34', '2021-10-20 23:34:34'),
(774, 1, 12, 9, '', 337, 2, '', '', '', '2021-10-20 23:34:34', '2021-10-20 23:34:34'),
(775, 1, 12, 9, '', 341, 2, '', '', '', '2021-10-20 23:34:34', '2021-10-20 23:34:34'),
(776, 1, 12, 9, '', 232, 5, '', '', '', '2021-10-20 23:34:34', '2021-10-20 23:34:34'),
(777, 1, 12, 9, '', 520, 3, '', '', '', '2021-10-20 23:34:34', '2021-10-20 23:34:34'),
(778, 1, 12, 22, '', 18, 1, '', '', '', '2021-10-20 23:34:34', '2021-10-20 23:34:34'),
(779, 1, 12, 22, '', 47, 1, '', '', '', '2021-10-20 23:34:34', '2021-10-20 23:34:34'),
(780, 1, 12, 22, '', 48, 1, '', '', '', '2021-10-20 23:34:34', '2021-10-20 23:34:34'),
(781, 1, 12, 22, '', 62, 1, '', '', '', '2021-10-20 23:34:34', '2021-10-20 23:34:34'),
(782, 1, 12, 22, '', 65, 1, '', '', '', '2021-10-20 23:34:34', '2021-10-20 23:34:34'),
(783, 1, 12, 22, '', 67, 1, '', '', '', '2021-10-20 23:34:34', '2021-10-20 23:34:34'),
(784, 1, 12, 22, '', 69, 1, '', '', '', '2021-10-20 23:34:34', '2021-10-20 23:34:34'),
(785, 1, 12, 22, '', 70, 1, '', '', '', '2021-10-20 23:34:34', '2021-10-20 23:34:34'),
(786, 1, 12, 22, '', 73, 1, '', '', '', '2021-10-20 23:34:34', '2021-10-20 23:34:34'),
(787, 1, 12, 22, '', 86, 1, '', '', '', '2021-10-20 23:34:34', '2021-10-20 23:34:34'),
(788, 1, 12, 22, '', 100, 1, '', '', '', '2021-10-20 23:34:34', '2021-10-20 23:34:34'),
(789, 1, 12, 22, '', 114, 1, '', '', '', '2021-10-20 23:34:34', '2021-10-20 23:34:34'),
(790, 1, 12, 22, '', 161, 1, '', '', '', '2021-10-20 23:34:34', '2021-10-20 23:34:34'),
(791, 1, 12, 22, '', 318, 2, '', '', '', '2021-10-20 23:34:34', '2021-10-20 23:34:34'),
(792, 1, 12, 22, '', 320, 2, '', '', '', '2021-10-20 23:34:34', '2021-10-20 23:34:34'),
(793, 1, 12, 22, '', 329, 2, '', '', '', '2021-10-20 23:34:34', '2021-10-20 23:34:34'),
(794, 1, 12, 22, '', 330, 2, '', '', '', '2021-10-20 23:34:34', '2021-10-20 23:34:34'),
(795, 1, 12, 22, '', 331, 2, '', '', '', '2021-10-20 23:34:34', '2021-10-20 23:34:34'),
(796, 1, 12, 22, '', 335, 2, '', '', '', '2021-10-20 23:34:34', '2021-10-20 23:34:34'),
(797, 1, 12, 22, '', 341, 2, '', '', '', '2021-10-20 23:34:34', '2021-10-20 23:34:34'),
(798, 1, 12, 22, '', 342, 2, '', '', '', '2021-10-20 23:34:34', '2021-10-20 23:34:34'),
(799, 1, 15, 10, '', 51, 1, '', '', '', '2021-10-20 23:34:34', '2021-10-20 23:34:34'),
(800, 1, 15, 10, '', 114, 1, '', '', '', '2021-10-20 23:34:34', '2021-10-20 23:34:34'),
(801, 1, 15, 10, '', 133, 1, '', '', '', '2021-10-20 23:34:34', '2021-10-20 23:34:34'),
(802, 1, 15, 10, '', 165, 1, '', '', '', '2021-10-20 23:34:34', '2021-10-20 23:34:34'),
(803, 1, 15, 10, '', 348, 2, '', '', '', '2021-10-20 23:34:34', '2021-10-20 23:34:34'),
(804, 1, 15, 10, '', 353, 2, '', '', '', '2021-10-20 23:34:34', '2021-10-20 23:34:34'),
(805, 1, 15, 10, '', 375, 2, '', '', '', '2021-10-20 23:34:34', '2021-10-20 23:34:34'),
(806, 1, 15, 10, '', 376, 2, '', '', '', '2021-10-20 23:34:34', '2021-10-20 23:34:34'),
(807, 1, 15, 10, '', 397, 4, '', '', '', '2021-10-20 23:34:34', '2021-10-20 23:34:34'),
(808, 1, 15, 10, '', 398, 4, '', '', '', '2021-10-20 23:34:34', '2021-10-20 23:34:34'),
(809, 1, 15, 10, '', 406, 4, '', '', '', '2021-10-20 23:34:34', '2021-10-20 23:34:34'),
(810, 1, 6, 11, '', 50, 1, '', '', '', '2021-10-20 23:34:34', '2021-10-20 23:34:34'),
(811, 1, 6, 11, '', 64, 1, '', '', '', '2021-10-20 23:34:34', '2021-10-20 23:34:34'),
(812, 1, 6, 11, '', 65, 1, '', '', '', '2021-10-20 23:34:34', '2021-10-20 23:34:34'),
(813, 1, 6, 11, '', 66, 1, '', '', '', '2021-10-20 23:34:34', '2021-10-20 23:34:34'),
(814, 1, 6, 11, '', 69, 1, '', '', '', '2021-10-20 23:34:34', '2021-10-20 23:34:34'),
(815, 1, 6, 11, '', 70, 1, '', '', '', '2021-10-20 23:34:34', '2021-10-20 23:34:34'),
(816, 1, 6, 11, '', 71, 1, '', '', '', '2021-10-20 23:34:34', '2021-10-20 23:34:34'),
(817, 1, 6, 11, '', 72, 1, '', '', '', '2021-10-20 23:34:34', '2021-10-20 23:34:34'),
(818, 1, 6, 11, '', 329, 2, '', '', '', '2021-10-20 23:34:34', '2021-10-20 23:34:34'),
(819, 1, 6, 11, '', 330, 2, '', '', '', '2021-10-20 23:34:34', '2021-10-20 23:34:34'),
(820, 1, 6, 11, '', 331, 2, '', '', '', '2021-10-20 23:34:34', '2021-10-20 23:34:34'),
(821, 1, 6, 11, '', 332, 2, '', '', '', '2021-10-20 23:34:34', '2021-10-20 23:34:34'),
(822, 1, 6, 11, '', 339, 2, '', '', '', '2021-10-20 23:34:34', '2021-10-20 23:34:34'),
(823, 1, 6, 11, '', 341, 2, '', '', '', '2021-10-20 23:34:34', '2021-10-20 23:34:34'),
(824, 1, 6, 11, '', 342, 2, '', '', '', '2021-10-20 23:34:34', '2021-10-20 23:34:34'),
(825, 1, 6, 11, '', 378, 2, '', '', '', '2021-10-20 23:34:34', '2021-10-20 23:34:34'),
(826, 1, 6, 11, '', 407, 4, '', '', '', '2021-10-20 23:34:34', '2021-10-20 23:34:34'),
(827, 1, 6, 11, '', 488, 6, '', '', '', '2021-10-20 23:34:34', '2021-10-20 23:34:34'),
(828, 1, 6, 11, '', 523, 3, '', '', '', '2021-10-20 23:34:34', '2021-10-20 23:34:34'),
(829, 1, 6, 11, '', 528, 3, '', '', '', '2021-10-20 23:34:34', '2021-10-20 23:34:34'),
(830, 1, 6, 12, '', 50, 1, '', '', '', '2021-10-20 23:34:34', '2021-10-20 23:34:34'),
(831, 1, 6, 12, '', 62, 1, '', '', '', '2021-10-20 23:34:34', '2021-10-20 23:34:34'),
(832, 1, 6, 12, '', 65, 1, '', '', '', '2021-10-20 23:34:34', '2021-10-20 23:34:34'),
(833, 1, 6, 12, '', 90, 1, '', '', '', '2021-10-20 23:34:34', '2021-10-20 23:34:34'),
(834, 1, 6, 12, '', 143, 1, '', '', '', '2021-10-20 23:34:34', '2021-10-20 23:34:34'),
(835, 1, 6, 12, '', 145, 1, '', '', '', '2021-10-20 23:34:34', '2021-10-20 23:34:34'),
(836, 1, 6, 12, '', 146, 1, '', '', '', '2021-10-20 23:34:34', '2021-10-20 23:34:34'),
(837, 1, 6, 12, '', 153, 1, '', '', '', '2021-10-20 23:34:34', '2021-10-20 23:34:34'),
(838, 1, 6, 12, '', 317, 2, '', '', '', '2021-10-20 23:34:34', '2021-10-20 23:34:34'),
(839, 1, 6, 12, '', 319, 2, '', '', '', '2021-10-20 23:34:34', '2021-10-20 23:34:34'),
(840, 1, 6, 12, '', 329, 2, '', '', '', '2021-10-20 23:34:34', '2021-10-20 23:34:34'),
(841, 1, 6, 12, '', 330, 2, '', '', '', '2021-10-20 23:34:34', '2021-10-20 23:34:34'),
(842, 1, 6, 12, '', 331, 2, '', '', '', '2021-10-20 23:34:34', '2021-10-20 23:34:34'),
(843, 1, 6, 12, '', 407, 4, '', '', '', '2021-10-20 23:34:34', '2021-10-20 23:34:34'),
(844, 1, 6, 12, '', 488, 6, '', '', '', '2021-10-20 23:34:34', '2021-10-20 23:34:34'),
(845, 1, 6, 12, '', 523, 3, '', '', '', '2021-10-20 23:34:34', '2021-10-20 23:34:34'),
(846, 1, 6, 12, '', 526, 3, '', '', '', '2021-10-20 23:34:34', '2021-10-20 23:34:34'),
(847, 1, 6, 12, '', 528, 3, '', '', '', '2021-10-20 23:34:34', '2021-10-20 23:34:34'),
(848, 1, 9, 14, '', 47, 1, '', '', '', '2021-10-20 23:34:34', '2021-10-20 23:34:34'),
(849, 1, 9, 14, '', 50, 1, '', '', '', '2021-10-20 23:34:34', '2021-10-20 23:34:34'),
(850, 1, 9, 14, '', 62, 1, '', '', '', '2021-10-20 23:34:34', '2021-10-20 23:34:34'),
(851, 1, 9, 14, '', 91, 1, '', '', '', '2021-10-20 23:34:34', '2021-10-20 23:34:34'),
(852, 1, 9, 14, '', 114, 1, '', '', '', '2021-10-20 23:34:34', '2021-10-20 23:34:34'),
(853, 1, 9, 14, '', 138, 1, '', '', '', '2021-10-20 23:34:34', '2021-10-20 23:34:34'),
(854, 1, 9, 14, '', 160, 1, '', '', '', '2021-10-20 23:34:34', '2021-10-20 23:34:34'),
(855, 1, 9, 14, '', 163, 1, '', '', '', '2021-10-20 23:34:34', '2021-10-20 23:34:34'),
(856, 1, 9, 14, '', 421, 4, '', '', '', '2021-10-20 23:34:34', '2021-10-20 23:34:34'),
(857, 1, 9, 14, '', 520, 3, '', '', '', '2021-10-20 23:34:34', '2021-10-20 23:34:34'),
(858, 1, 9, 15, '', 50, 1, '', '', '', '2021-10-20 23:34:34', '2021-10-20 23:34:34'),
(859, 1, 9, 15, '', 69, 1, '', '', '', '2021-10-20 23:34:34', '2021-10-20 23:34:34'),
(860, 1, 9, 15, '', 70, 1, '', '', '', '2021-10-20 23:34:34', '2021-10-20 23:34:34'),
(861, 1, 9, 15, '', 114, 1, '', '', '', '2021-10-20 23:34:34', '2021-10-20 23:34:34'),
(862, 1, 9, 15, '', 163, 1, '', '', '', '2021-10-20 23:34:34', '2021-10-20 23:34:34'),
(863, 1, 9, 15, '', 171, 1, '', '', '', '2021-10-20 23:34:34', '2021-10-20 23:34:34'),
(864, 1, 9, 15, '', 405, 4, '', '', '', '2021-10-20 23:34:34', '2021-10-20 23:34:34'),
(865, 1, 10, 16, '', 25, 1, '', '', '', '2021-10-20 23:34:34', '2021-10-20 23:34:34'),
(866, 1, 10, 16, '', 27, 1, '', '', '', '2021-10-20 23:34:34', '2021-10-20 23:34:34'),
(867, 1, 10, 16, '', 28, 1, '', '', '', '2021-10-20 23:34:34', '2021-10-20 23:34:34'),
(868, 1, 10, 16, '', 29, 1, '', '', '', '2021-10-20 23:34:34', '2021-10-20 23:34:34'),
(869, 1, 10, 16, '', 47, 1, '', '', '', '2021-10-20 23:34:34', '2021-10-20 23:34:34'),
(870, 1, 10, 16, '', 48, 1, '', '', '', '2021-10-20 23:34:34', '2021-10-20 23:34:34'),
(871, 1, 10, 16, '', 147, 1, '', '', '', '2021-10-20 23:34:34', '2021-10-20 23:34:34'),
(872, 1, 10, 16, '', 228, 5, '', '', '', '2021-10-20 23:34:34', '2021-10-20 23:34:34'),
(873, 1, 10, 16, '', 527, 3, '', '', '', '2021-10-20 23:34:34', '2021-10-20 23:34:34'),
(874, 1, 10, 17, '', 266, 5, '', '', '', '2021-10-20 23:34:34', '2021-10-20 23:34:34'),
(875, 1, 4, 19, '', 100, 1, '', '', '', '2021-10-20 23:34:34', '2021-10-20 23:34:34'),
(876, 1, 4, 19, '', 103, 1, '', '', '', '2021-10-20 23:34:34', '2021-10-20 23:34:34'),
(877, 1, 4, 19, '', 104, 1, '', '', '', '2021-10-20 23:34:34', '2021-10-20 23:34:34'),
(878, 1, 4, 19, '', 105, 1, '', '', '', '2021-10-20 23:34:34', '2021-10-20 23:34:34'),
(879, 1, 4, 19, '', 106, 1, '', '', '', '2021-10-20 23:34:34', '2021-10-20 23:34:34'),
(880, 1, 4, 19, '', 108, 1, '', '', '', '2021-10-20 23:34:34', '2021-10-20 23:34:34'),
(881, 1, 4, 19, '', 109, 1, '', '', '', '2021-10-20 23:34:34', '2021-10-20 23:34:34'),
(882, 1, 4, 19, '', 110, 1, '', '', '', '2021-10-20 23:34:34', '2021-10-20 23:34:34'),
(883, 1, 4, 19, '', 111, 1, '', '', '', '2021-10-20 23:34:34', '2021-10-20 23:34:34'),
(884, 1, 4, 19, '', 316, 2, '', '', '', '2021-10-20 23:34:34', '2021-10-20 23:34:34'),
(885, 1, 4, 19, '', 317, 2, '', '', '', '2021-10-20 23:34:34', '2021-10-20 23:34:34'),
(886, 1, 4, 19, '', 319, 2, '', '', '', '2021-10-20 23:34:34', '2021-10-20 23:34:34'),
(887, 1, 4, 19, '', 518, 3, '', '', '', '2021-10-20 23:34:34', '2021-10-20 23:34:34'),
(888, 1, 4, 19, '', 521, 3, '', '', '', '2021-10-20 23:34:34', '2021-10-20 23:34:34'),
(889, 1, 4, 19, '', 523, 3, '', '', '', '2021-10-20 23:34:34', '2021-10-20 23:34:34'),
(890, 1, 4, 19, '', 528, 3, '', '', '', '2021-10-20 23:34:34', '2021-10-20 23:34:34'),
(891, 1, 16, 23, '', 37, 1, '', '', '', '2021-10-20 23:34:34', '2021-10-20 23:34:34'),
(892, 1, 16, 23, '', 38, 1, '', '', '', '2021-10-20 23:34:34', '2021-10-20 23:34:34'),
(893, 1, 16, 23, '', 101, 1, '', '', '', '2021-10-20 23:34:34', '2021-10-20 23:34:34'),
(894, 1, 16, 23, '', 102, 1, '', '', '', '2021-10-20 23:34:34', '2021-10-20 23:34:34'),
(895, 1, 16, 23, '', 316, 2, '', '', '', '2021-10-20 23:34:34', '2021-10-20 23:34:34'),
(896, 1, 16, 23, '', 317, 2, '', '', '', '2021-10-20 23:34:34', '2021-10-20 23:34:34'),
(897, 1, 16, 23, '', 319, 2, '', '', '', '2021-10-20 23:34:34', '2021-10-20 23:34:34'),
(898, 1, 16, 23, '', 527, 3, '', '', '', '2021-10-20 23:34:34', '2021-10-20 23:34:34'),
(899, 1, 16, 24, '', 59, 1, '', '', '', '2021-10-20 23:34:34', '2021-10-20 23:34:34'),
(900, 1, 16, 24, '', 75, 1, '', '', '', '2021-10-20 23:34:34', '2021-10-20 23:34:34'),
(901, 1, 16, 24, '', 101, 1, '', '', '', '2021-10-20 23:34:34', '2021-10-20 23:34:34'),
(902, 1, 16, 24, '', 102, 1, '', '', '', '2021-10-20 23:34:34', '2021-10-20 23:34:34'),
(903, 1, 16, 24, '', 527, 3, '', '', '', '2021-10-20 23:34:34', '2021-10-20 23:34:34'),
(904, 1, 5, 26, '', 316, 2, '', '', '', '2021-10-20 23:34:34', '2021-10-20 23:34:34'),
(905, 1, 5, 26, '', 317, 2, '', '', '', '2021-10-20 23:34:34', '2021-10-20 23:34:34'),
(906, 1, 5, 26, '', 342, 2, '', '', '', '2021-10-20 23:34:34', '2021-10-20 23:34:34'),
(907, 1, 5, 26, '', 343, 2, '', '', '', '2021-10-20 23:34:34', '2021-10-20 23:34:34'),
(908, 1, 5, 26, '', 344, 2, '', '', '', '2021-10-20 23:34:34', '2021-10-20 23:34:34'),
(909, 1, 5, 26, '', 345, 2, '', '', '', '2021-10-20 23:34:34', '2021-10-20 23:34:34'),
(910, 1, 5, 27, '', 45, 1, '', '', '', '2021-10-20 23:34:34', '2021-10-20 23:34:34'),
(911, 1, 5, 27, '', 69, 1, '', '', '', '2021-10-20 23:34:34', '2021-10-20 23:34:34'),
(912, 1, 5, 27, '', 70, 1, '', '', '', '2021-10-20 23:34:34', '2021-10-20 23:34:34'),
(913, 1, 5, 27, '', 71, 1, '', '', '', '2021-10-20 23:34:34', '2021-10-20 23:34:34'),
(914, 1, 5, 27, '', 72, 1, '', '', '', '2021-10-20 23:34:34', '2021-10-20 23:34:34'),
(915, 1, 5, 27, '', 86, 1, '', '', '', '2021-10-20 23:34:34', '2021-10-20 23:34:34'),
(916, 1, 5, 27, '', 114, 1, '', '', '', '2021-10-20 23:34:34', '2021-10-20 23:34:34'),
(917, 1, 5, 27, '', 329, 2, '', '', '', '2021-10-20 23:34:34', '2021-10-20 23:34:34'),
(918, 1, 5, 27, '', 330, 2, '', '', '', '2021-10-20 23:34:34', '2021-10-20 23:34:34'),
(919, 1, 5, 27, '', 331, 2, '', '', '', '2021-10-20 23:34:34', '2021-10-20 23:34:34'),
(920, 1, 5, 27, '', 335, 2, '', '', '', '2021-10-20 23:34:34', '2021-10-20 23:34:34'),
(921, 1, 5, 27, '', 371, 2, '', '', '', '2021-10-20 23:34:34', '2021-10-20 23:34:34'),
(922, 1, 5, 28, '', 180, 1, '', '', '', '2021-10-20 23:34:34', '2021-10-20 23:34:34'),
(923, 1, 5, 28, '', 346, 2, '', '', '', '2021-10-20 23:34:34', '2021-10-20 23:34:34');

-- --------------------------------------------------------

--
-- Table structure for table `carousel`
--

CREATE TABLE `carousel` (
  `id` int(20) NOT NULL,
  `title_english` varchar(255) COLLATE utf8_unicode_ci NOT NULL,
  `description_english` text COLLATE utf8_unicode_ci NOT NULL,
  `image` varchar(200) COLLATE utf8_unicode_ci NOT NULL,
  `status` enum('Active','Inactive') COLLATE utf8_unicode_ci NOT NULL DEFAULT 'Active',
  `status_at` datetime DEFAULT NULL,
  `created_at` datetime DEFAULT NULL,
  `updated_at` datetime DEFAULT NULL,
  `title_gujarati` varchar(200) COLLATE utf8_unicode_ci NOT NULL,
  `title_hindi` varchar(200) COLLATE utf8_unicode_ci NOT NULL,
  `description_gujarati` text COLLATE utf8_unicode_ci NOT NULL,
  `description_hindi` text COLLATE utf8_unicode_ci NOT NULL
) ENGINE=InnoDB DEFAULT CHARSET=utf8 COLLATE=utf8_unicode_ci;

-- --------------------------------------------------------

--
-- Table structure for table `categories`
--

CREATE TABLE `categories` (
  `id` int(20) NOT NULL,
  `position` int(11) DEFAULT NULL,
  `english` varchar(255) COLLATE utf8_unicode_ci NOT NULL,
  `image` varchar(200) COLLATE utf8_unicode_ci DEFAULT NULL,
  `status` enum('Active','Inactive') COLLATE utf8_unicode_ci NOT NULL DEFAULT 'Active',
  `status_at` datetime DEFAULT NULL,
  `created_at` datetime DEFAULT NULL,
  `updated_at` datetime DEFAULT NULL,
  `gujarati` varchar(255) COLLATE utf8_unicode_ci DEFAULT NULL,
  `hindi` varchar(255) COLLATE utf8_unicode_ci DEFAULT NULL
) ENGINE=InnoDB DEFAULT CHARSET=utf8 COLLATE=utf8_unicode_ci;

--
-- Dumping data for table `categories`
--

INSERT INTO `categories` (`id`, `position`, `english`, `image`, `status`, `status_at`, `created_at`, `updated_at`, `gujarati`, `hindi`) VALUES
(1, 14, 'Gujarati Sabji', NULL, 'Active', '2021-10-08 22:46:31', '2021-10-08 22:46:31', '2021-10-09 22:30:46', ' ', NULL),
(2, 7, 'Mexican', NULL, 'Active', '2021-10-09 22:26:54', '2021-10-09 22:26:54', '2021-10-09 22:28:39', '', NULL),
(3, 6, 'Italian', NULL, 'Active', '2021-10-09 22:27:48', '2021-10-09 22:27:48', '2021-10-09 22:28:51', '', NULL),
(4, 13, 'Panjabi Sabji', NULL, 'Active', '2021-10-09 22:29:08', '2021-10-09 22:29:08', '2021-10-09 22:29:08', ' ', NULL),
(5, 19, 'Salad', NULL, 'Active', '2021-10-09 22:29:24', '2021-10-09 22:29:24', '2021-10-09 22:29:24', '', NULL),
(6, 3, 'Soup Station', NULL, 'Active', '2021-10-09 22:29:38', '2021-10-09 22:29:38', '2021-10-09 22:29:38', ' ', NULL),
(7, 8, 'South Indian', NULL, 'Active', '2021-10-09 22:29:56', '2021-10-09 22:29:56', '2021-10-09 22:29:56', ' ', NULL),
(8, 4, 'Sizller', NULL, 'Active', '2021-10-09 22:30:10', '2021-10-09 22:30:10', '2021-10-09 22:30:10', '', NULL),
(9, 2, 'Starter', NULL, 'Active', '2021-10-09 22:30:22', '2021-10-09 22:30:22', '2021-10-09 22:30:22', '', NULL),
(10, 9, 'Sweet Parlor', NULL, 'Active', '2021-10-09 22:31:09', '2021-10-09 22:31:09', '2021-10-09 22:31:09', ' ', NULL),
(11, 4, 'Chatpata Chaat', NULL, 'Active', '2021-10-09 22:31:36', '2021-10-09 22:31:36', '2021-10-09 22:31:36', ' ', NULL),
(12, 15, 'Live Farsan', NULL, 'Active', '2021-10-09 22:32:22', '2021-10-09 22:32:22', '2021-10-09 22:32:22', ' ', NULL),
(13, 5, 'Chinese Counter', NULL, 'Active', '2021-10-09 22:32:36', '2021-10-09 22:32:36', '2021-10-09 22:32:36', ' ', NULL),
(14, 14, 'Gujarati Menu', NULL, 'Active', '2021-10-09 22:33:08', '2021-10-09 22:33:08', '2021-10-09 22:33:08', ' ', NULL),
(15, 1, 'Juice Mocktail', NULL, 'Active', '2021-10-09 22:33:28', '2021-10-09 22:33:28', '2021-10-09 22:33:28', ' ', NULL),
(16, 13, 'Punjabi Menu', NULL, 'Active', '2021-10-09 22:33:43', '2021-10-09 22:33:43', '2021-10-09 22:33:43', ' ', NULL),
(17, 14, 'Rajashtani Menu', NULL, 'Active', '2021-10-09 22:33:53', '2021-10-09 22:33:53', '2021-10-09 22:33:53', ' ', NULL),
(20, 10, 'tawa sweet', NULL, 'Active', '2021-10-13 22:09:38', '2021-10-13 22:09:38', '2021-10-13 22:09:38', ' ', NULL),
(21, 11, 'kaju sweet', NULL, 'Active', '2021-10-13 22:09:52', '2021-10-13 22:09:52', '2021-10-13 22:09:52', ' ', NULL),
(22, 12, 'puri-roti', NULL, 'Active', '2021-10-13 22:10:21', '2021-10-13 22:10:21', '2021-10-13 22:10:21', '-', NULL),
(23, 17, 'rise', NULL, 'Active', '2021-10-13 22:11:23', '2021-10-13 22:11:23', '2021-10-13 22:12:26', '', NULL),
(24, 16, 'dal', NULL, 'Active', '2021-10-13 22:12:35', '2021-10-13 22:12:35', '2021-10-13 22:12:35', '', NULL),
(25, 18, 'papad', NULL, 'Active', '2021-10-13 22:12:59', '2021-10-13 22:12:59', '2021-10-13 22:12:59', '', NULL),
(26, 20, 'Ice cream', NULL, 'Active', '2021-10-13 22:37:20', '2021-10-13 22:14:14', '2021-10-13 22:14:14', '', NULL),
(27, 21, 'mukhvas', NULL, 'Active', '2021-10-13 22:14:37', '2021-10-13 22:14:37', '2021-10-13 22:14:37', '', NULL),
(28, 22, 'mineral water', NULL, 'Active', '2021-10-13 22:37:28', '2021-10-13 22:18:56', '2021-10-13 22:18:56', ' ', NULL);

-- --------------------------------------------------------

--
-- Table structure for table `config`
--

CREATE TABLE `config` (
  `id` int(20) NOT NULL,
  `name` varchar(255) NOT NULL,
  `value` text NOT NULL,
  `description` text NOT NULL,
  `type` enum('Text','Textarea','File','Date','Time','Datetime','Radio','Checkbox','Select','Other') NOT NULL DEFAULT 'Text',
  `status` enum('Active','Inactive') NOT NULL DEFAULT 'Active',
  `status_at` datetime DEFAULT NULL,
  `created_at` datetime DEFAULT NULL,
  `updated_at` datetime DEFAULT NULL,
  `gujarati` varchar(255) NOT NULL,
  `hindi` varchar(255) NOT NULL
) ENGINE=InnoDB DEFAULT CHARSET=utf8mb4;

--
-- Dumping data for table `config`
--

INSERT INTO `config` (`id`, `name`, `value`, `description`, `type`, `status`, `status_at`, `created_at`, `updated_at`, `gujarati`, `hindi`) VALUES
(2, 'site_name', 'Shri ganesh cateres', '', 'Text', 'Active', '2021-08-04 22:33:30', '2021-08-04 22:33:30', '2021-09-05 12:50:50', '  ', ''),
(3, 'logo', 'config_3_1628096966.jpg', '', 'File', 'Active', '2021-08-04 22:43:05', '2021-08-04 22:37:13', '2021-08-04 22:39:33', '', ''),
(5, 'language', '', '{\"en-IN\":\"English\",\"gu-IN\":\"\"}', 'Select', 'Active', '2021-08-04 22:58:53', '2021-08-04 22:58:53', '2021-09-05 12:50:42', '', ''),
(7, 'location', 'A108 Adam Street NY 535022, USA', '', 'Text', 'Active', '2021-09-04 21:16:22', '2021-09-04 21:16:22', '2021-09-04 21:20:42', '', ''),
(8, 'phone', '+1 5589 55488 55', '', 'Text', 'Active', '2021-09-04 21:24:58', '2021-09-04 21:20:01', '2021-09-04 21:20:47', '', ''),
(9, 'email', 'info@shreeganeshcateringservices.com', '', 'Text', 'Active', '2021-09-04 21:24:52', '2021-09-04 21:21:11', '2021-09-15 23:25:28', '', ''),
(10, 'facebook_url', '', '', 'Text', 'Active', '2021-09-04 21:23:53', '2021-09-04 21:23:53', '2021-09-04 21:23:53', '', ''),
(11, 'instagram_url', '', '', 'Text', 'Active', '2021-09-04 21:24:06', '2021-09-04 21:24:06', '2021-09-04 21:24:06', '', ''),
(12, 'twitter_url', '', '', 'Text', 'Active', '2021-09-04 21:24:21', '2021-09-04 21:24:21', '2021-09-04 21:24:21', '', ''),
(13, 'linkin_url', '', '', 'Text', 'Active', '2021-09-04 21:24:44', '2021-09-04 21:24:44', '2021-09-04 21:24:44', '', ''),
(14, 'welcome_video_url', 'https://www.youtube.com/watch?v=GlrxcuEDyF8', '', 'Text', 'Active', '2021-09-04 21:26:18', '2021-09-04 21:26:18', '2021-09-05 10:33:22', '', ''),
(15, 'owner_name', 'jhon smith', '', 'Text', 'Active', '2021-09-05 17:23:37', '2021-09-05 17:23:37', '2021-09-05 17:28:55', '', ''),
(16, 'owner_photo', 'config__1630842838.jpg', '', 'File', 'Active', '2021-09-05 17:23:58', '2021-09-05 17:23:58', '2021-09-05 17:23:58', '', ''),
(17, 'Vinodkumar f upadhyay', '', '', '', 'Active', '2021-09-13 22:52:03', '2021-09-13 22:52:03', '2021-09-13 22:52:03', '', '');

-- --------------------------------------------------------

--
-- Table structure for table `custompages`
--

CREATE TABLE `custompages` (
  `id` int(20) NOT NULL,
  `image` varchar(200) COLLATE utf8_unicode_ci NOT NULL,
  `page_name` varchar(100) COLLATE utf8_unicode_ci NOT NULL,
  `page_title_english` varchar(200) COLLATE utf8_unicode_ci NOT NULL,
  `page_content_english` text COLLATE utf8_unicode_ci NOT NULL,
  `page_title_gujarati` varchar(200) COLLATE utf8_unicode_ci NOT NULL,
  `page_content_gujarati` text COLLATE utf8_unicode_ci NOT NULL,
  `page_title_hindi` varchar(200) COLLATE utf8_unicode_ci NOT NULL,
  `page_content_hindi` text COLLATE utf8_unicode_ci NOT NULL,
  `status` enum('Active','Inactive') COLLATE utf8_unicode_ci NOT NULL DEFAULT 'Active',
  `status_at` datetime DEFAULT NULL,
  `created_at` datetime DEFAULT NULL,
  `updated_at` datetime DEFAULT NULL
) ENGINE=InnoDB DEFAULT CHARSET=utf8 COLLATE=utf8_unicode_ci;

--
-- Dumping data for table `custompages`
--

INSERT INTO `custompages` (`id`, `image`, `page_name`, `page_title_english`, `page_content_english`, `page_title_gujarati`, `page_content_gujarati`, `page_title_hindi`, `page_content_hindi`, `status`, `status_at`, `created_at`, `updated_at`) VALUES
(1, 'page_1_1628525199.jpg', 'aboutus', 'About us', '<p>\r\n  <b>\r\n    <span style=\"font-family: &quot;Arial&quot;;\">\r\n\r\n    </span>\r\n    Voluptatem dignissimos pr\r\n    <span style=\"font-family: &quot;Verdana&quot;;\">\r\n\r\n    </span>\r\n    ovi\r\n    <span style=\"font-family: &quot;Arial&quot;;\">\r\n\r\n    </span>\r\n    dent quasi corporis voluptates sit assumenda.</b></p><p class=\"fst-italic\">\r\n                    Lorem ipsum dolor sit amet, consectetur adipiscing \r\nelit, sed do eiusmod tempor incididunt ut labore et dolore\r\n                    magna aliqua.\r\n                </p>\r\n                <ul><li> Ullamco laboris nisi ut aliquip ex ea commodo consequat.</li><li> Duis aute irure dolor in reprehenderit in voluptate velit.</li><li> Ullamco \r\nlaboris nisi ut aliquip ex ea commodo consequat. Duis aute irure dolor \r\nin reprehenderit in voluptate trideta storacalaperda mastiro dolore eu \r\nfugiat nulla pariatur.</li></ul>\r\n                <p>\r\n                    Ullamco laboris nisi ut aliquip ex ea commodo consequat. Duis aute irure dolor in reprehenderit in voluptate\r\n                    velit esse cillum dolore eu fugiat nulla pariatur. Excepteur sint occaecat cupidatat non proident, sunt in\r\n                    culpa qui officia deserunt mollit anim id est laborum\r\n                </p><p><b><span style=\"font-family: &quot;Arial&quot;;\"></span><span style=\"font-family: &quot;Helvetica&quot;;\"></span><span style=\"font-family: &quot;Arial Black&quot;;\"></span></b></p>', ' ', '<p><span class=\"VIiyi\" lang=\"gu\"><span class=\"JLqJ4b ChMk0b\" data-language-for-alternatives=\"gu\" data-language-to-translate-into=\"la\" data-phrase-index=\"0\"><span>           .</span></span><span class=\"JLqJ4b\" data-language-for-alternatives=\"gu\" data-language-to-translate-into=\"la\" data-phrase-index=\"1\"><span>\r\n\r\n</span></span><span class=\"JLqJ4b ChMk0b\" data-language-for-alternatives=\"gu\" data-language-to-translate-into=\"la\" data-phrase-index=\"2\"><span>Lorem ipsum dolor sit amet, consectetur adipiscing elit, sed tempor and life,    : , eiusmod     .</span></span><span class=\"JLqJ4b\" data-language-for-alternatives=\"gu\" data-language-to-translate-into=\"la\" data-phrase-index=\"3\"><span>\r\n\r\n    </span></span> <span class=\"JLqJ4b ChMk0b\" data-language-for-alternatives=\"gu\" data-language-to-translate-into=\"la\" data-phrase-index=\"4\"><span>            .</span></span><span class=\"JLqJ4b\" data-language-for-alternatives=\"gu\" data-language-to-translate-into=\"la\" data-phrase-index=\"5\"><span>\r\n    </span></span> <span class=\"JLqJ4b ChMk0b\" data-language-for-alternatives=\"gu\" data-language-to-translate-into=\"la\" data-phrase-index=\"6\"><span>          .</span></span><span class=\"JLqJ4b\" data-language-for-alternatives=\"gu\" data-language-to-translate-into=\"la\" data-phrase-index=\"7\"><span>\r\n    </span></span> <span class=\"JLqJ4b ChMk0b\" data-language-for-alternatives=\"gu\" data-language-to-translate-into=\"la\" data-phrase-index=\"8\"><span>            .</span></span> <span class=\"JLqJ4b ChMk0b\" data-language-for-alternatives=\"gu\" data-language-to-translate-into=\"la\" data-phrase-index=\"9\"><span>             ?</span></span><span class=\"JLqJ4b\" data-language-for-alternatives=\"gu\" data-language-to-translate-into=\"la\" data-phrase-index=\"10\"><span>\r\n\r\n</span></span><span class=\"JLqJ4b ChMk0b\" data-language-for-alternatives=\"gu\" data-language-to-translate-into=\"la\" data-phrase-index=\"11\"><span>            .</span></span> <span class=\"JLqJ4b ChMk0b\" data-language-for-alternatives=\"gu\" data-language-to-translate-into=\"la\" data-phrase-index=\"12\"><span>                   .</span></span> <span class=\"JLqJ4b ChMk0b\" data-language-for-alternatives=\"gu\" data-language-to-translate-into=\"la\" data-phrase-index=\"13\"><span>    ,    ,  ,    ,     ,   </span></span></span> </p>', '', '', 'Active', '2021-08-09 22:09:19', '2021-07-26 23:34:33', '2021-09-05 12:13:55');

-- --------------------------------------------------------

--
-- Table structure for table `email_templates`
--

CREATE TABLE `email_templates` (
  `id` int(20) NOT NULL,
  `code` varchar(255) COLLATE utf8_unicode_ci NOT NULL,
  `title` varchar(255) COLLATE utf8_unicode_ci NOT NULL,
  `subject` varchar(255) COLLATE utf8_unicode_ci DEFAULT NULL,
  `html` longtext COLLATE utf8_unicode_ci,
  `type` enum('Backend','Website','App','Common') COLLATE utf8_unicode_ci NOT NULL DEFAULT 'Common',
  `status` enum('Active','Inactive') COLLATE utf8_unicode_ci NOT NULL DEFAULT 'Active',
  `status_at` datetime DEFAULT NULL,
  `created_at` datetime DEFAULT NULL,
  `updated_at` datetime DEFAULT NULL
) ENGINE=InnoDB DEFAULT CHARSET=utf8 COLLATE=utf8_unicode_ci;

--
-- Dumping data for table `email_templates`
--

INSERT INTO `email_templates` (`id`, `code`, `title`, `subject`, `html`, `type`, `status`, `status_at`, `created_at`, `updated_at`) VALUES
(1, 'FORGOT_EMAIL', 'Forgot email', 'Forgot email', '<style type=\"text/css\" rel=\"stylesheet\" media=\"all\">\r\n\r\n  .htmltemplate a {\r\n  color: #414EF9;\r\n  }\r\n\r\n  /* Layout ------------------------------ */\r\n  .htmltemplate .email-wrapper {\r\n  width: 100%;\r\n  margin: 0;\r\n  padding: 0;\r\n  background-color: #F5F7F9;\r\n  }\r\n  .htmltemplate .email-content {\r\n  width: 100%;\r\n  margin: 0;\r\n  padding: 0;\r\n  }\r\n\r\n  /* Masthead ----------------------- */\r\n  .htmltemplate .email-masthead {\r\n  padding: 25px 0;\r\n  text-align: center;\r\n  }\r\n  .htmltemplate .email-masthead_logo {\r\n  max-width: 400px;\r\n  border: 0;\r\n  }\r\n  .htmltemplate .email-masthead_name {\r\n  font-size: 16px;\r\n  font-weight: bold;\r\n  color: #839197;\r\n  text-decoration: none;\r\n  text-shadow: 0 1px 0 white;\r\n  }\r\n\r\n  /* Body ------------------------------ */\r\n  .htmltemplate .email-body {\r\n  width: 100%;\r\n  margin: 0;\r\n  padding: 0;\r\n  border-top: 1px solid #E7EAEC;\r\n  border-bottom: 1px solid #E7EAEC;\r\n  background-color: #FFFFFF;\r\n  }\r\n  .htmltemplate .email-body_inner {\r\n  width: 570px;\r\n  margin: 0 auto;\r\n  padding: 0;\r\n  }\r\n  .htmltemplate .email-footer {\r\n  width: 570px;\r\n  margin: 0 auto;\r\n  padding: 0;\r\n  text-align: center;\r\n  }\r\n  .htmltemplate .email-footer p {\r\n  color: #839197;\r\n  }\r\n  .htmltemplate .body-action {\r\n  width: 100%;\r\n  margin: 30px auto;\r\n  padding: 0;\r\n  text-align: center;\r\n  }\r\n  .htmltemplate .body-sub {\r\n  margin-top: 25px;\r\n  padding-top: 25px;\r\n  border-top: 1px solid #E7EAEC;\r\n  }\r\n  .htmltemplate .content-cell {\r\n  padding: 35px;\r\n  }\r\n  .htmltemplate .align-right {\r\n  text-align: right;\r\n  }\r\n\r\n  /* Type ------------------------------ */\r\n  .htmltemplate h1 {\r\n  margin-top: 0;\r\n  color: #292E31;\r\n  font-size: 19px;\r\n  font-weight: bold;\r\n  text-align: left;\r\n  }\r\n  .htmltemplate h2 {\r\n  margin-top: 0;\r\n  color: #292E31;\r\n  font-size: 16px;\r\n  font-weight: bold;\r\n  text-align: left;\r\n  }\r\n  .htmltemplate h3 {\r\n  margin-top: 0;\r\n  color: #292E31;\r\n  font-size: 14px;\r\n  font-weight: bold;\r\n  text-align: left;\r\n  }\r\n  .htmltemplate p {\r\n  margin-top: 0;\r\n  color: #839197;\r\n  font-size: 16px;\r\n  line-height: 1.5em;\r\n  text-align: left;\r\n  }\r\n  .htmltemplate p.sub {\r\n  font-size: 12px;\r\n  }\r\n  .htmltemplate p.center {\r\n  text-align: center;\r\n  }\r\n\r\n  /* Buttons ------------------------------ */\r\n  .htmltemplate .button {\r\n  display: inline-block;\r\n  width: 200px;\r\n  background-color: #414EF9;\r\n  border-radius: 3px;\r\n  color: #ffffff;\r\n  font-size: 15px;\r\n  line-height: 45px;\r\n  text-align: center;\r\n  text-decoration: none;\r\n  -webkit-text-size-adjust: none;\r\n  mso-hide: all;\r\n  }\r\n  .htmltemplate .button--green {\r\n  background-color: #28DB67;\r\n  }\r\n  .htmltemplate .button--red {\r\n  background-color: #FF3665;\r\n  }\r\n  .htmltemplate .button--blue {\r\n  background-color: #414EF9;\r\n  }\r\n  .htmltemplate .button::hover {\r\n  color: #f9f9f9;\r\n  text-decoration: none;\r\n  }\r\n  .htmltemplate .cursor-pointer{\r\n  cursor: pointer;\r\n  }\r\n  /*Media Queries ------------------------------ */\r\n  @media only screen and (max-width: 600px) {\r\n  .htmltemplate .email-body_inner,\r\n  .htmltemplate .email-footer {\r\n  width: 100% !important;\r\n  }\r\n  }\r\n  @media only screen and (max-width: 500px) {\r\n  .htmltemplate .button {\r\n  width: 100% !important;\r\n  }\r\n  }\r\n</style>\r\n<div class=\"htmltemplate\">\r\n  <table class=\"email-wrapper\" style=\"width: 100%;\r\n                                      margin: 0;\r\n                                      padding: 0;\r\n                                      background-color: #F5F7F9;\" width=\"100%\" cellspacing=\"0\" cellpadding=\"0\">\r\n    <tbody>\r\n      <tr>\r\n        <td style=\";\" align=\"center\">\r\n          <table class=\"email-content\" style=\"width: 100%;\r\n                                              margin: 0;\r\n                                              padding: 0;\" width=\"100%\" cellspacing=\"0\" cellpadding=\"0\">\r\n            <!-- Logo -->\r\n            <tbody>\r\n              <tr>\r\n                <td class=\"email-masthead\" style=\"padding: 25px 0;\r\n                                                  text-align: center;\">\r\n                  <a href=\"{{site_url}}\" target=\"_blank\" class=\"email-masthead_name\" style=\"font-size: 16px;\r\n                                                                                            font-weight: bold;\r\n                                                                                            color: #839197;\r\n                                                                                            text-decoration: none;\r\n                                                                                            text-shadow: 0 1px 0 white;\">\r\n                    {{site_name}}\r\n                  </a>\r\n                </td>\r\n              </tr>\r\n              <!-- Email Body -->\r\n              <tr>\r\n                <td class=\"email-body\" style=\"width: 100%;\r\n                                              margin: 0;\r\n                                              padding: 0;\r\n                                              border-top: 1px solid #E7EAEC;\r\n                                              border-bottom: 1px solid #E7EAEC;\r\n                                              background-color: #FFFFFF;\" width=\"100%\">\r\n                  <table class=\"email-body_inner\" style=\"width: 570px;\r\n                                                         margin: 0 auto;\r\n                                                         padding: 0;;\" width=\"570\" cellspacing=\"0\" cellpadding=\"0\" align=\"center\">\r\n                    <!-- Body content -->\r\n                    <tbody>\r\n                      <tr>\r\n                        <td class=\"content-cell\" style=\"padding: 35px;\">\r\n                          <h1>\r\n                            Hi {{name}},\r\n                          </h1>\r\n                          <p>\r\n                            You recently requested to reset your password for your {{site_name}} account. Click the button below to reset it.\r\n                          </p>\r\n                          <!-- Action -->\r\n                          <table class=\"body-action\" style=\"width: 100%;\r\n                                                            margin: 30px auto;\r\n                                                            padding: 0;\r\n                                                            text-align: center;\" width=\"100%\" cellspacing=\"0\" cellpadding=\"0\" align=\"center\">\r\n                            <tbody>\r\n                              <tr>\r\n                                <td align=\"center\">\r\n                                  <div>\r\n                                    <a href=\"{{action_url}}\" class=\"button button--red\" style=\"display: inline-block;\r\n                                                                                               width: 200px;\r\n                                                                                               background-color: #414EF9;\r\n                                                                                               border-radius: 3px;\r\n                                                                                               color: #ffffff;\r\n                                                                                               font-size: 15px;\r\n                                                                                               line-height: 45px;\r\n                                                                                               text-align: center;\r\n                                                                                               text-decoration: none;\r\n                                                                                               -webkit-text-size-adjust: none;\r\n                                                                                               mso-hide: all;\r\n                                                                                               background-color: #FF3665;\">\r\n                                      Reset your password\r\n                                    </a>\r\n                                  </div>\r\n                                </td>\r\n                              </tr>\r\n                            </tbody>\r\n                          </table>\r\n                          <p style=\"margin-top: 0;\r\n                                    color: #839197;\r\n                                    font-size: 16px;\r\n                                    line-height: 1.5em;\r\n                                    text-align: left;\">\r\n                            If you did not request a password reset, please ignore this email or reply to let us know. This password reset is only valid for the next 30 minutes.\r\n                          </p>\r\n                          <p style=\"margin-top: 0;\r\n                                    color: #839197;\r\n                                    font-size: 16px;\r\n                                    line-height: 1.5em;\r\n                                    text-align: left;\">\r\n                            Thanks,\r\n                            <br>\r\n                              {{site_name}} Team\r\n                              </p>\r\n                            <p style=\"margin-top: 0;\r\n                                      color: #839197;\r\n                                      font-size: 16px;\r\n                                      line-height: 1.5em;\r\n                                      text-align: left;\">\r\n                              <strong>\r\n                                P.S.\r\n                              </strong>\r\n                              We also love hearing from you and helping you with any issues you have. Please reply to this email if you want to ask a question or just say hi.\r\n                            </p>\r\n                            <!-- Sub copy -->\r\n                            <table class=\"body-sub\">\r\n                              <tbody>\r\n                                <tr>\r\n                                  <td>\r\n                                    <p class=\"sub\" style=\"margin-top: 0;\r\n                                                          color: #839197;\r\n                                                          font-size: 16px;\r\n                                                          line-height: 1.5em;\r\n                                                          text-align: left;\">\r\n                                      If youre having trouble clicking the password reset button, copy and paste the URL below into your web browser.\r\n                                    </p>\r\n                                    <p class=\"sub\" style=\"font-size: 12px;margin-top: 0;\r\n                                                          color: #839197;\r\n                                                          font-size: 16px;\r\n                                                          line-height: 1.5em;\r\n                                                          text-align: left;\">\r\n                                      <a href=\"{{action_url}}\">\r\n                                        {{action_url}}\r\n                                      </a>\r\n                                    </p>\r\n                                  </td>\r\n                                </tr>\r\n                              </tbody>\r\n                            </table>\r\n                            </td>\r\n                          </tr>\r\n                        </tbody>\r\n                      </table>\r\n                    </td>\r\n                  </tr>\r\n                <tr>\r\n                  <td>\r\n                    <table class=\"email-footer\" width=\"570\" cellspacing=\"0\" cellpadding=\"0\" align=\"center\">\r\n                      <tbody>\r\n                        <tr>\r\n                          <td class=\"content-cell\">\r\n                            <p class=\"sub center\" style=\"font-size: 12px;margin-top: 0;\r\n                                                         color: #839197;\r\n                                                         font-size: 16px;\r\n                                                         line-height: 1.5em;\r\n                                                         text-align: center;\">\r\n                               2016 Canvas. All rights reserved.\r\n                            </p>\r\n                            <p class=\"sub center\" style=\"font-size: 12px;margin-top: 0;\r\n                                                         color: #839197;\r\n                                                         font-size: 16px;\r\n                                                         line-height: 1.5em;\r\n                                                         text-align: center;\">\r\n                              {{copyright_text}}\r\n                              <br>\r\n                                {{site_address}}\r\n                                </p>\r\n                              </td>\r\n                            </tr>\r\n                          </tbody>\r\n                        </table>\r\n                      </td>\r\n                    </tr>\r\n                  </tbody>\r\n                </table>\r\n              </td>\r\n            </tr>\r\n          </tbody>\r\n        </table>\r\n      </div>', 'Common', 'Active', '2019-04-01 05:12:17', '2019-04-01 05:12:17', '2021-07-18 05:59:01'),
(2, 'VERIFY_EMAIL_ADDRESS', 'Verify your email address', 'Verify your email address', '<style type=\"text/css\" rel=\"stylesheet\" media=\"all\">\r\n\r\n  .htmltemplate a {\r\n  color: #414EF9;\r\n  }\r\n\r\n  /* Layout ------------------------------ */\r\n  .htmltemplate .email-wrapper {\r\n  width: 100%;\r\n  margin: 0;\r\n  padding: 0;\r\n  background-color: #F5F7F9;\r\n  }\r\n  .htmltemplate .email-content {\r\n  width: 100%;\r\n  margin: 0;\r\n  padding: 0;\r\n  }\r\n\r\n  /* Masthead ----------------------- */\r\n  .htmltemplate .email-masthead {\r\n  padding: 25px 0;\r\n  text-align: center;\r\n  }\r\n  .htmltemplate .email-masthead_logo {\r\n  max-width: 400px;\r\n  border: 0;\r\n  }\r\n  .htmltemplate .email-masthead_name {\r\n  font-size: 16px;\r\n  font-weight: bold;\r\n  color: #839197;\r\n  text-decoration: none;\r\n  text-shadow: 0 1px 0 white;\r\n  }\r\n\r\n  /* Body ------------------------------ */\r\n  .htmltemplate .email-body {\r\n  width: 100%;\r\n  margin: 0;\r\n  padding: 0;\r\n  border-top: 1px solid #E7EAEC;\r\n  border-bottom: 1px solid #E7EAEC;\r\n  background-color: #FFFFFF;\r\n  }\r\n  .htmltemplate .email-body_inner {\r\n  width: 570px;\r\n  margin: 0 auto;\r\n  padding: 0;\r\n  }\r\n  .htmltemplate .email-footer {\r\n  width: 570px;\r\n  margin: 0 auto;\r\n  padding: 0;\r\n  text-align: center;\r\n  }\r\n  .htmltemplate .email-footer p {\r\n  color: #839197;\r\n  }\r\n  .htmltemplate .body-action {\r\n  width: 100%;\r\n  margin: 30px auto;\r\n  padding: 0;\r\n  text-align: center;\r\n  }\r\n  .htmltemplate .body-sub {\r\n  margin-top: 25px;\r\n  padding-top: 25px;\r\n  border-top: 1px solid #E7EAEC;\r\n  }\r\n  .htmltemplate .content-cell {\r\n  padding: 35px;\r\n  }\r\n  .htmltemplate .align-right {\r\n  text-align: right;\r\n  }\r\n\r\n  /* Type ------------------------------ */\r\n  .htmltemplate h1 {\r\n  margin-top: 0;\r\n  color: #292E31;\r\n  font-size: 19px;\r\n  font-weight: bold;\r\n  text-align: left;\r\n  }\r\n  .htmltemplate h2 {\r\n  margin-top: 0;\r\n  color: #292E31;\r\n  font-size: 16px;\r\n  font-weight: bold;\r\n  text-align: left;\r\n  }\r\n  .htmltemplate h3 {\r\n  margin-top: 0;\r\n  color: #292E31;\r\n  font-size: 14px;\r\n  font-weight: bold;\r\n  text-align: left;\r\n  }\r\n  .htmltemplate p {\r\n  margin-top: 0;\r\n  color: #839197;\r\n  font-size: 16px;\r\n  line-height: 1.5em;\r\n  text-align: left;\r\n  }\r\n  .htmltemplate p.sub {\r\n  font-size: 12px;\r\n  }\r\n  .htmltemplate p.center {\r\n  text-align: center;\r\n  }\r\n\r\n  /* Buttons ------------------------------ */\r\n  .htmltemplate .button {\r\n  display: inline-block;\r\n  width: 200px;\r\n  background-color: #414EF9;\r\n  border-radius: 3px;\r\n  color: #ffffff;\r\n  font-size: 15px;\r\n  line-height: 45px;\r\n  text-align: center;\r\n  text-decoration: none;\r\n  -webkit-text-size-adjust: none;\r\n  mso-hide: all;\r\n  }\r\n  .htmltemplate .button--green {\r\n  background-color: #28DB67;\r\n  }\r\n  .htmltemplate .button--red {\r\n  background-color: #FF3665;\r\n  }\r\n  .htmltemplate .button--blue {\r\n  background-color: #414EF9;\r\n  }\r\n  .htmltemplate .button::hover {\r\n  color: #f9f9f9;\r\n  text-decoration: none;\r\n  }\r\n  .htmltemplate .cursor-pointer{\r\n  cursor: pointer;\r\n  }\r\n  /*Media Queries ------------------------------ */\r\n  @media only screen and (max-width: 600px) {\r\n  .htmltemplate .email-body_inner,\r\n  .htmltemplate .email-footer {\r\n  width: 100% !important;\r\n  }\r\n  }\r\n  @media only screen and (max-width: 500px) {\r\n  .htmltemplate .button {\r\n  width: 100% !important;\r\n  }\r\n  }\r\n</style>\r\n<div class=\"htmltemplate\">\r\n  <table class=\"email-wrapper\" width=\"100%\" cellspacing=\"0\" cellpadding=\"0\">\r\n    <tbody>\r\n      <tr>\r\n        <td align=\"center\">\r\n          <table class=\"email-content\" width=\"100%\" cellspacing=\"0\" cellpadding=\"0\">\r\n            <!-- Logo -->\r\n            <tbody>\r\n              <tr>\r\n                <td class=\"email-masthead\">\r\n                  <a href=\"{{site_url}}\" target=\"_blank\" class=\"email-masthead_name\">\r\n                    {{site_name}}\r\n                  </a>\r\n                </td>\r\n              </tr>\r\n              <!-- Email Body -->\r\n              <tr>\r\n                <td class=\"email-body\" width=\"100%\">\r\n                  <table class=\"email-body_inner\" width=\"570\" cellspacing=\"0\" cellpadding=\"0\" align=\"center\">\r\n                    <!-- Body content -->\r\n                    <tbody>\r\n                      <tr>\r\n                        <td class=\"content-cell\">\r\n                          <h1>\r\n                            Verify your email address\r\n                          </h1>\r\n                          <p>\r\n                            Thanks for verify email for {{site_name}}! We\'re excited to have you as an early user.\r\n                          </p>\r\n                          <p>\r\n                            <span style=\"color: rgb(65, 64, 66); font-family: Helvetica, sans-serif; font-size: 14px; font-style: normal; font-variant-ligatures: normal; font-variant-caps: normal; font-weight: 400; letter-spacing: normal; orphans: 2; text-align: center; text-indent: 0px; text-transform: none; white-space: normal; widows: 2; word-spacing: 0px; -webkit-text-stroke-width: 0px; background-color: rgb(255, 255, 255); text-decoration-thickness: initial; text-decoration-style: initial; text-decoration-color: initial; display: inline !important; float: none;\">Heres the code you need to continue with your email registration<br></span>Verification code : {{code}}\r\n                          </p>\r\n                          <!-- Action -->\r\n                          <table class=\"body-action\" width=\"100%\" cellspacing=\"0\" cellpadding=\"0\" align=\"center\">\r\n                            <tbody>\r\n                              <tr>\r\n                                <td align=\"center\">\r\n                                  <div>\r\n                                    <a href=\"{{action_url}}\" class=\"button button--blue cursor-pointer\">\r\n                                      Verify Email\r\n                                    </a>\r\n                                  </div>\r\n                                </td>\r\n                              </tr>\r\n                            </tbody>\r\n                          </table>\r\n                          <p>\r\n                            Thanks,\r\n                            <br>\r\n                              {{site_name}} Team\r\n                              </p>\r\n                            <!-- Sub copy -->\r\n                            <table class=\"body-sub\">\r\n                              <tbody>\r\n                                <tr>\r\n                                  <td>\r\n                                    <p class=\"sub\">\r\n                                      If youre having trouble clicking the button, copy and paste the URL below into your web browser.\r\n                                    </p>\r\n                                    <p class=\"sub\">\r\n                                      <a href=\"{{action_url}}\">\r\n                                        {{action_url}}\r\n                                      </a>\r\n                                    </p>\r\n                                  </td>\r\n                                </tr>\r\n                              </tbody>\r\n                            </table>\r\n                            </td>\r\n                          </tr>\r\n                        </tbody>\r\n                      </table>\r\n                    </td>\r\n                  </tr>\r\n                <tr>\r\n                  <td>\r\n                    <table class=\"email-footer\" width=\"570\" cellspacing=\"0\" cellpadding=\"0\" align=\"center\">\r\n                      <tbody>\r\n                        <tr>\r\n                          <td class=\"content-cell\">\r\n                            <p class=\"sub center\">\r\n                              {{copyright_text}}\r\n                            </p>\r\n                            <p class=\"sub center\">\r\n                              {{site_name}}\r\n                              <br>\r\n                                {{site_address}}\r\n                                </p>\r\n                              </td>\r\n                            </tr>\r\n                          </tbody>\r\n                        </table>\r\n                      </td>\r\n                    </tr>\r\n                  </tbody>\r\n                </table>\r\n              </td>\r\n            </tr>\r\n          </tbody>\r\n        </table>\r\n      </div>', 'Common', 'Active', NULL, NULL, '2021-07-25 11:20:28');

-- --------------------------------------------------------

--
-- Table structure for table `event_categories`
--

CREATE TABLE `event_categories` (
  `id` int(20) NOT NULL,
  `english` varchar(255) COLLATE utf8_unicode_ci NOT NULL,
  `image` varchar(200) COLLATE utf8_unicode_ci DEFAULT NULL,
  `status` enum('Active','Inactive') COLLATE utf8_unicode_ci NOT NULL DEFAULT 'Active',
  `status_at` datetime DEFAULT NULL,
  `created_at` datetime DEFAULT NULL,
  `updated_at` datetime DEFAULT NULL,
  `gujarati` varchar(255) COLLATE utf8_unicode_ci DEFAULT NULL,
  `hindi` varchar(255) COLLATE utf8_unicode_ci DEFAULT NULL,
  `description_english` text COLLATE utf8_unicode_ci NOT NULL,
  `description_gujarati` text COLLATE utf8_unicode_ci NOT NULL,
  `description_hindi` text COLLATE utf8_unicode_ci NOT NULL
) ENGINE=InnoDB DEFAULT CHARSET=utf8 COLLATE=utf8_unicode_ci;

--
-- Dumping data for table `event_categories`
--

INSERT INTO `event_categories` (`id`, `english`, `image`, `status`, `status_at`, `created_at`, `updated_at`, `gujarati`, `hindi`, `description_english`, `description_gujarati`, `description_hindi`) VALUES
(1, 'Birthday parties', 'page_1_1630840903.jpg', 'Active', '2021-08-09 23:07:16', '2021-08-09 23:07:16', '2021-09-05 17:16:47', ' ', '', 'Lorem Ipsum is simply dummy text of the printing and typesetting industry. Lorem Ipsum has been the industry\'s standard dummy text ever since the 1500s, when an unknown printer took a galley of type and scrambled it to make a type specimen book. It has survived not only five centuries, but also the leap into electronic typesetting, remaining essentially unchanged. It was popularised in the 1960s with the release of Letraset sheets containing Lorem Ipsum passages, and more recently with desktop publishing software like Aldus PageMaker including versions of Lorem Ipsum.', '          .   1500        ,                .       ,     ,   .  1960             ,          software     ', ''),
(2, 'Private parties', 'page_2_1630840991.jpg', 'Active', '2021-08-09 23:07:42', '2021-08-09 23:07:42', '2021-09-05 17:16:51', ' ', '', 'Lorem Ipsum is simply dummy text of the printing and typesetting industry. Lorem Ipsum has been the industry\'s standard dummy text ever since the 1500s, when an unknown printer took a galley of type and scrambled it to make a type specimen book. It has survived not only five centuries, but also the leap into electronic typesetting, remaining essentially unchanged. It was popularised in the 1960s with the release of Letraset sheets containing Lorem Ipsum passages, and more recently with desktop publishing software like Aldus PageMaker including versions of Lorem Ipsum.', '          .   1500        ,                .       ,     ,   .  1960             ,          software     ', ''),
(3, 'Custom parties', 'page_3_1630840997.jpg', 'Active', '2021-08-09 23:08:08', '2021-08-09 23:08:08', '2021-09-05 17:18:52', ' ', '', 'Lorem Ipsum is simply dummy text of the printing and typesetting industry. Lorem Ipsum has been the industry\'s standard dummy text ever since the 1500s, when an unknown printer took a galley of type and scrambled it to make a type specimen book. It has survived not only five centuries, but also the leap into electronic typesetting, remaining essentially unchanged. It was popularised in the 1960s with the release of Letraset sheets containing Lorem Ipsum passages, and more recently with desktop publishing software like Aldus PageMaker including versions of Lorem Ipsum.', '          .   1500        ,                .       ,     ,   .  1960             ,          software     \r\n          .   1500        ,                .       ,     ,   .  1960             ,          software     \r\n          .   1500        ,                .       ,     ,   .  1960             ,          software     ', ''),
(4, 'Wedding parties', 'page_4_1630841006.jpg', 'Active', '2021-08-09 23:09:14', '2021-08-09 23:09:14', '2021-09-16 21:58:39', ' ', '', 'Lorem Ipsum is simply dummy text of the printing and typesetting industry. Lorem Ipsum has been the industry\'s standard dummy text ever since the 1500s, when an unknown printer took a galley of type and scrambled it to make a type specimen book. It has survived not only five centuries, but also the leap into electronic typesetting, remaining essentially unchanged. It was popularised in the 1960s with the release of Letraset sheets containing Lorem Ipsum passages, and more recently with desktop publishing software like Aldus PageMaker including versions of Lorem Ipsum.', '          .\r\n\r\n   1500              .   1500        ,                .       ,     ,   .\r\n\r\n  1960             ,          software               .   1500        ,                .       ,     ,   .  1960             ,          software         ,                .       ,     ,   .  1960             ,          software     ', '');

-- --------------------------------------------------------

--
-- Table structure for table `gallery`
--

CREATE TABLE `gallery` (
  `id` int(20) NOT NULL,
  `type` enum('Image','Video') COLLATE utf8_unicode_ci DEFAULT 'Image',
  `value` varchar(100) COLLATE utf8_unicode_ci DEFAULT NULL,
  `status` enum('Active','Inactive') COLLATE utf8_unicode_ci NOT NULL DEFAULT 'Active',
  `status_at` datetime DEFAULT NULL,
  `created_at` datetime DEFAULT NULL,
  `updated_at` datetime DEFAULT NULL
) ENGINE=InnoDB DEFAULT CHARSET=utf8 COLLATE=utf8_unicode_ci;

--
-- Dumping data for table `gallery`
--

INSERT INTO `gallery` (`id`, `type`, `value`, `status`, `status_at`, `created_at`, `updated_at`) VALUES
(1, 'Image', 'gallery-6.jpg', 'Active', NULL, NULL, NULL),
(2, 'Image', 'gallery-6.jpg', 'Active', NULL, NULL, NULL),
(3, 'Image', 'gallery-1.jpg', 'Active', NULL, NULL, NULL),
(5, 'Image', 'gallery-3.jpg', 'Active', NULL, NULL, NULL),
(6, 'Image', 'gallery-4.jpg', 'Active', NULL, NULL, NULL),
(7, 'Image', 'gallery-5.jpg', 'Active', NULL, NULL, NULL),
(8, 'Image', 'gallery-6.jpg', 'Active', NULL, NULL, NULL),
(10, 'Image', 'gallery-8.jpg', 'Active', '2021-09-06 21:43:48', NULL, NULL),
(11, 'Image', 'gallery-1.jpg', 'Active', NULL, NULL, NULL),
(12, 'Image', 'gallery-2.jpg', 'Active', NULL, NULL, NULL),
(13, 'Image', 'gallery-3.jpg', 'Active', NULL, NULL, NULL),
(14, 'Image', 'gallery-4.jpg', 'Active', NULL, NULL, NULL),
(15, 'Image', 'gallery-5.jpg', 'Active', NULL, NULL, NULL),
(16, 'Image', 'gallery-6.jpg', 'Active', NULL, NULL, NULL),
(17, 'Image', 'gallery-7.jpg', 'Active', NULL, NULL, NULL),
(18, 'Image', 'gallery-8.jpg', 'Active', NULL, NULL, NULL),
(19, 'Image', 'gallery-1.jpg', 'Active', NULL, NULL, NULL),
(20, 'Image', 'gallery-2.jpg', 'Active', NULL, NULL, NULL),
(21, 'Image', 'gallery-3.jpg', 'Active', NULL, NULL, NULL),
(22, 'Image', 'gallery-4.jpg', 'Active', NULL, NULL, NULL),
(23, 'Image', 'gallery-5.jpg', 'Active', NULL, NULL, NULL),
(24, 'Image', 'gallery-6.jpg', 'Active', NULL, NULL, NULL),
(25, 'Image', 'gallery-7.jpg', 'Active', NULL, NULL, NULL),
(26, 'Image', 'gallery-8.jpg', 'Active', NULL, NULL, NULL);

-- --------------------------------------------------------

--
-- Table structure for table `items`
--

CREATE TABLE `items` (
  `id` int(20) NOT NULL,
  `item_category_id` int(20) NOT NULL,
  `english` varchar(255) COLLATE utf8_unicode_ci NOT NULL,
  `status` enum('Active','Inactive') COLLATE utf8_unicode_ci NOT NULL DEFAULT 'Active',
  `status_at` datetime DEFAULT NULL,
  `created_at` datetime DEFAULT NULL,
  `updated_at` datetime DEFAULT NULL,
  `gujarati` varchar(255) COLLATE utf8_unicode_ci DEFAULT NULL,
  `hindi` varchar(255) COLLATE utf8_unicode_ci DEFAULT NULL
) ENGINE=InnoDB DEFAULT CHARSET=utf8 COLLATE=utf8_unicode_ci;

--
-- Dumping data for table `items`
--

INSERT INTO `items` (`id`, `item_category_id`, `english`, `status`, `status_at`, `created_at`, `updated_at`, `gujarati`, `hindi`) VALUES
(1, 1, 'Tata salt', 'Active', '2021-10-07 22:56:58', '2021-10-07 22:56:58', '2021-10-07 22:56:58', '  ', ''),
(2, 1, 'Black salt', 'Active', '2021-10-07 22:56:58', '2021-10-07 22:56:58', '2021-10-07 22:56:58', '  ', ''),
(3, 1, 'Cayenne', 'Active', '2021-10-07 22:56:58', '2021-10-07 22:56:58', '2021-10-07 22:56:58', '  ', ''),
(4, 1, 'Kashmiri Chili', 'Active', '2021-10-07 22:56:58', '2021-10-07 22:56:58', '2021-10-07 22:56:58', '  ', ''),
(5, 1, 'Turmeric', 'Active', '2021-10-07 22:56:58', '2021-10-07 22:56:58', '2021-10-07 22:56:58', ' ', ''),
(6, 1, 'Hing', 'Active', '2021-10-07 22:56:59', '2021-10-07 22:56:59', '2021-10-07 22:56:59', ' ', ''),
(7, 1, 'Sanchoro', 'Active', '2021-10-07 22:56:59', '2021-10-07 22:56:59', '2021-10-07 22:56:59', ' ', ''),
(8, 1, 'Coriander', 'Active', '2021-10-07 22:56:59', '2021-10-07 22:56:59', '2021-10-07 22:56:59', ' ', ''),
(9, 1, 'Chili without', 'Active', '2021-10-07 22:56:59', '2021-10-07 22:56:59', '2021-10-07 22:56:59', '   ', ''),
(10, 1, 'Rye', 'Active', '2021-10-07 22:56:59', '2021-10-07 22:56:59', '2021-10-07 22:56:59', ' ', ''),
(11, 1, 'Fenugreek', 'Active', '2021-10-07 22:56:59', '2021-10-07 22:56:59', '2021-10-07 22:56:59', ' ', ''),
(12, 1, 'Cumin', 'Active', '2021-10-07 22:56:59', '2021-10-07 22:56:59', '2021-10-07 22:56:59', ' ', ''),
(13, 1, 'Sugar', 'Active', '2021-10-07 22:56:59', '2021-10-07 22:56:59', '2021-10-07 22:56:59', ' ', ''),
(14, 1, 'Peanut oil', 'Active', '2021-10-07 22:56:59', '2021-10-07 22:56:59', '2021-10-07 22:56:59', ' ', ''),
(15, 1, 'Cottonseed oil', 'Active', '2021-10-07 22:56:59', '2021-10-07 22:56:59', '2021-10-07 22:56:59', ' ', ''),
(16, 1, 'Copper', 'Active', '2021-10-07 22:56:59', '2021-10-07 22:56:59', '2021-10-07 22:56:59', ' ', ''),
(17, 1, 'Lemongrass', 'Active', '2021-10-07 22:56:59', '2021-10-07 22:56:59', '2021-10-07 22:56:59', ' ', ''),
(18, 1, 'Try', 'Active', '2021-10-07 22:56:59', '2021-10-07 22:56:59', '2021-10-07 22:56:59', ' ', ''),
(19, 1, 'Akhadhana', 'Active', '2021-10-07 22:56:59', '2021-10-07 22:56:59', '2021-10-07 22:56:59', ' ', ''),
(20, 1, 'Blackbird', 'Active', '2021-10-07 22:56:59', '2021-10-07 22:56:59', '2021-10-07 22:56:59', ' ', ''),
(21, 1, 'Pepper rice', 'Active', '2021-10-07 22:56:59', '2021-10-07 22:56:59', '2021-10-07 22:56:59', '  ', ''),
(22, 1, 'Cashews', 'Active', '2021-10-07 22:56:59', '2021-10-07 22:56:59', '2021-10-07 22:56:59', ' ', ''),
(23, 1, 'Red grapes', 'Active', '2021-10-07 22:56:59', '2021-10-07 22:56:59', '2021-10-07 22:56:59', ' ', ''),
(24, 1, 'Almonds', 'Active', '2021-10-07 22:56:59', '2021-10-07 22:56:59', '2021-10-07 22:56:59', ' ', ''),
(25, 1, 'Almonds', 'Active', '2021-10-07 22:56:59', '2021-10-07 22:56:59', '2021-10-07 22:56:59', ' ', ''),
(26, 1, 'Pistachios', 'Active', '2021-10-07 22:56:59', '2021-10-07 22:56:59', '2021-10-07 22:56:59', ' ', ''),
(27, 1, 'Grinding', 'Active', '2021-10-07 22:56:59', '2021-10-07 22:56:59', '2021-10-07 22:56:59', ' ', ''),
(28, 1, 'Cardamom', 'Active', '2021-10-07 22:56:59', '2021-10-07 22:56:59', '2021-10-07 22:56:59', ' ', ''),
(29, 1, 'Saffron', 'Active', '2021-10-07 22:56:59', '2021-10-07 22:56:59', '2021-10-07 22:56:59', ' ', ''),
(30, 1, 'Fig', 'Active', '2021-10-07 22:56:59', '2021-10-07 22:56:59', '2021-10-07 22:56:59', ' ', ''),
(31, 1, 'Nut nut', 'Active', '2021-10-07 22:56:59', '2021-10-07 22:56:59', '2021-10-07 22:56:59', ' ', ''),
(32, 1, 'Lapsi', 'Active', '2021-10-07 22:56:59', '2021-10-07 22:56:59', '2021-10-07 22:56:59', ' ', ''),
(33, 1, 'Mogardal of Mug', 'Active', '2021-10-07 22:56:59', '2021-10-07 22:56:59', '2021-10-07 22:56:59', '   ', ''),
(34, 1, 'Mug lentils', 'Active', '2021-10-07 22:56:59', '2021-10-07 22:56:59', '2021-10-07 22:56:59', '    ', ''),
(35, 1, 'Eno bottle', 'Active', '2021-10-07 22:56:59', '2021-10-07 22:56:59', '2021-10-07 22:56:59', '  ', ''),
(36, 1, 'Tata Soda', 'Active', '2021-10-07 22:56:59', '2021-10-07 22:56:59', '2021-10-07 22:56:59', '  ', ''),
(37, 1, 'Chickpeas', 'Active', '2021-10-07 22:56:59', '2021-10-07 22:56:59', '2021-10-07 22:56:59', '    ', ''),
(38, 1, 'Toor dal', 'Active', '2021-10-07 22:56:59', '2021-10-07 22:56:59', '2021-10-07 22:56:59', ' ', ''),
(39, 1, 'Round', 'Active', '2021-10-07 22:56:59', '2021-10-07 22:56:59', '2021-10-07 22:56:59', ' ', ''),
(40, 1, 'Ambli', 'Active', '2021-10-07 22:56:59', '2021-10-07 22:56:59', '2021-10-07 22:56:59', ' ', ''),
(41, 1, 'Peanuts', 'Active', '2021-10-07 22:56:59', '2021-10-07 22:56:59', '2021-10-07 22:56:59', ' ', ''),
(42, 1, 'Exactly', 'Active', '2021-10-07 22:56:59', '2021-10-07 22:56:59', '2021-10-07 22:56:59', ' ', ''),
(43, 1, 'Adad dal', 'Active', '2021-10-07 22:56:59', '2021-10-07 22:56:59', '2021-10-07 22:56:59', '  ', ''),
(44, 1, 'Black adad', 'Active', '2021-10-07 22:56:59', '2021-10-07 22:56:59', '2021-10-07 22:56:59', '  ', ''),
(45, 1, 'Kidney beans', 'Active', '2021-10-07 22:56:59', '2021-10-07 22:56:59', '2021-10-07 22:56:59', ' ', ''),
(46, 1, 'Ghannolot', 'Active', '2021-10-07 22:56:59', '2021-10-07 22:56:59', '2021-10-07 22:56:59', '   ', ''),
(47, 1, 'Brain', 'Active', '2021-10-07 22:56:59', '2021-10-07 22:56:59', '2021-10-07 22:56:59', ' ', ''),
(48, 1, 'Besan', 'Active', '2021-10-07 22:56:59', '2021-10-07 22:56:59', '2021-10-07 22:56:59', ' ', ''),
(49, 1, 'Crushed rice', 'Active', '2021-10-07 22:56:59', '2021-10-07 22:56:59', '2021-10-07 22:56:59', '   ', ''),
(50, 1, 'Corn floor', 'Active', '2021-10-07 22:56:59', '2021-10-07 22:56:59', '2021-10-07 22:56:59', '  ', ''),
(51, 1, 'Buru', 'Active', '2021-10-07 22:56:59', '2021-10-07 22:56:59', '2021-10-07 22:56:59', ' ', ''),
(52, 1, 'The. Sugar', 'Active', '2021-10-07 22:56:59', '2021-10-07 22:56:59', '2021-10-07 22:56:59', '.  ', ''),
(53, 1, 'Soft round', 'Active', '2021-10-07 22:56:59', '2021-10-07 22:56:59', '2021-10-07 22:56:59', '  ', ''),
(54, 1, 'Copra crushed long', 'Active', '2021-10-07 22:56:59', '2021-10-07 22:56:59', '2021-10-07 22:56:59', '   ', ''),
(55, 1, 'Mug', 'Active', '2021-10-07 22:56:59', '2021-10-07 22:56:59', '2021-10-07 22:56:59', ' ', ''),
(56, 1, 'Math', 'Active', '2021-10-07 22:56:59', '2021-10-07 22:56:59', '2021-10-07 22:56:59', ' ', ''),
(57, 1, 'Sela Knead', 'Active', '2021-10-07 22:56:59', '2021-10-07 22:56:59', '2021-10-07 22:56:59', '  ', ''),
(58, 1, 'Knead rice', 'Active', '2021-10-07 22:56:59', '2021-10-07 22:56:59', '2021-10-07 22:56:59', '  ', ''),
(59, 1, 'Basmati rice', 'Active', '2021-10-07 22:56:59', '2021-10-07 22:56:59', '2021-10-07 22:56:59', '  ', ''),
(60, 1, 'Column rice', 'Active', '2021-10-07 22:56:59', '2021-10-07 22:56:59', '2021-10-07 22:56:59', '  ', ''),
(61, 1, 'Noodles', 'Active', '2021-10-07 22:56:59', '2021-10-07 22:56:59', '2021-10-07 22:56:59', ' ', ''),
(62, 1, 'Red chili sauce', 'Active', '2021-10-07 22:56:59', '2021-10-07 22:56:59', '2021-10-07 22:56:59', '     ', ''),
(63, 1, 'Soy sauce', 'Active', '2021-10-07 22:56:59', '2021-10-07 22:56:59', '2021-10-07 22:56:59', '  ', ''),
(64, 1, 'Vinegar', 'Active', '2021-10-07 22:56:59', '2021-10-07 22:56:59', '2021-10-07 22:56:59', ' ', ''),
(65, 1, 'Ajinomoto', 'Active', '2021-10-07 22:56:59', '2021-10-07 22:56:59', '2021-10-07 22:56:59', ' ', ''),
(66, 1, 'Green chili sauce', 'Active', '2021-10-07 22:56:59', '2021-10-07 22:56:59', '2021-10-07 22:56:59', '   ', ''),
(67, 1, 'Nylon powder', 'Active', '2021-10-07 22:56:59', '2021-10-07 22:56:59', '2021-10-07 22:56:59', '  ', ''),
(68, 1, 'Thick powwow', 'Active', '2021-10-07 22:56:59', '2021-10-07 22:56:59', '2021-10-07 22:56:59', '  ', ''),
(69, 1, 'Chile flakes', 'Active', '2021-10-07 22:56:59', '2021-10-07 22:56:59', '2021-10-07 22:56:59', '  ', ''),
(70, 1, 'Oregono', 'Active', '2021-10-07 22:56:59', '2021-10-07 22:56:59', '2021-10-07 22:56:59', ' ', ''),
(71, 1, 'Maggie Cube Paddy', 'Active', '2021-10-07 22:56:59', '2021-10-07 22:56:59', '2021-10-07 22:56:59', '   ', ''),
(72, 1, 'Oromite spices', 'Active', '2021-10-07 22:56:59', '2021-10-07 22:56:59', '2021-10-07 22:56:59', '   ', ''),
(73, 1, 'Sesame', 'Active', '2021-10-07 22:56:59', '2021-10-07 22:56:59', '2021-10-07 22:56:59', ' ', ''),
(74, 1, 'Poppy', 'Active', '2021-10-07 22:56:59', '2021-10-07 22:56:59', '2021-10-07 22:56:59', ' ', ''),
(75, 1, 'Tamalpatra', 'Active', '2021-10-07 22:56:59', '2021-10-07 22:56:59', '2021-10-07 22:56:59', ' ', ''),
(76, 1, 'Black olive bottle', 'Active', '2021-10-07 22:56:59', '2021-10-07 22:56:59', '2021-10-07 22:56:59', '   ', ''),
(77, 1, 'Green olive bottle', 'Active', '2021-10-07 22:56:59', '2021-10-07 22:56:59', '2021-10-07 22:56:59', '   ', ''),
(78, 1, 'Tabasco', 'Active', '2021-10-07 22:56:59', '2021-10-07 22:56:59', '2021-10-07 22:56:59', ' ', ''),
(79, 1, 'Chickpeas', 'Active', '2021-10-07 22:56:59', '2021-10-07 22:56:59', '2021-10-07 22:56:59', '  ', ''),
(80, 1, 'Pomegranate', 'Active', '2021-10-07 22:56:59', '2021-10-07 22:56:59', '2021-10-07 22:56:59', ' ', ''),
(81, 1, 'Jivraj tea', 'Active', '2021-10-07 22:56:59', '2021-10-07 22:56:59', '2021-10-07 22:56:59', '  ', ''),
(82, 1, 'Dried mango', 'Active', '2021-10-07 22:56:59', '2021-10-07 22:56:59', '2021-10-07 22:56:59', '  ', ''),
(83, 1, 'Amchoor powder', 'Active', '2021-10-07 22:56:59', '2021-10-07 22:56:59', '2021-10-07 22:56:59', '  ', ''),
(84, 1, 'Ginger powder', 'Active', '2021-10-07 22:56:59', '2021-10-07 22:56:59', '2021-10-07 22:56:59', '  ', ''),
(85, 1, 'Chola lentils', 'Active', '2021-10-07 22:56:59', '2021-10-07 22:56:59', '2021-10-07 22:56:59', '    ', ''),
(86, 1, 'Tomato ketchup bottle', 'Active', '2021-10-07 22:56:59', '2021-10-07 22:56:59', '2021-10-07 22:56:59', '   ', ''),
(87, 1, 'Dates', 'Active', '2021-10-07 22:56:59', '2021-10-07 22:56:59', '2021-10-07 22:56:59', ' ', ''),
(88, 1, 'Ground cumin', 'Active', '2021-10-07 22:56:59', '2021-10-07 22:56:59', '2021-10-07 22:56:59', '  ', ''),
(89, 1, 'Ground pepper powder', 'Active', '2021-10-07 22:56:59', '2021-10-07 22:56:59', '2021-10-07 22:56:59', '      ', ''),
(90, 1, 'Rice noodles', 'Active', '2021-10-07 22:56:59', '2021-10-07 22:56:59', '2021-10-07 22:56:59', '  ', ''),
(91, 1, 'Orange red color', 'Active', '2021-10-07 22:56:59', '2021-10-07 22:56:59', '2021-10-07 22:56:59', '   ', ''),
(92, 1, 'Green color', 'Active', '2021-10-07 22:56:59', '2021-10-07 22:56:59', '2021-10-07 22:56:59', '  ', ''),
(93, 1, 'Orange color', 'Active', '2021-10-07 22:56:59', '2021-10-07 22:56:59', '2021-10-07 22:56:59', '  ', ''),
(94, 1, 'Lemon yellow color', 'Active', '2021-10-07 22:56:59', '2021-10-07 22:56:59', '2021-10-07 22:56:59', '   ', ''),
(95, 1, 'Rose Essence', 'Active', '2021-10-07 22:56:59', '2021-10-07 22:56:59', '2021-10-07 22:56:59', '  ', ''),
(96, 1, 'Rose water', 'Active', '2021-10-07 22:56:59', '2021-10-07 22:56:59', '2021-10-07 22:56:59', '  ', ''),
(97, 1, 'Chhole masala', 'Active', '2021-10-07 22:56:59', '2021-10-07 22:56:59', '2021-10-07 22:56:59', '  ', ''),
(98, 1, 'Pavbhaji masala', 'Active', '2021-10-07 22:56:59', '2021-10-07 22:56:59', '2021-10-07 22:56:59', '  ', ''),
(99, 1, 'Biryani masala', 'Active', '2021-10-07 22:56:59', '2021-10-07 22:56:59', '2021-10-07 22:56:59', '  ', ''),
(100, 1, 'Hot spices', 'Active', '2021-10-07 22:56:59', '2021-10-07 22:56:59', '2021-10-07 22:56:59', '  ', ''),
(101, 1, 'Cinnamon', 'Active', '2021-10-07 22:56:59', '2021-10-07 22:56:59', '2021-10-07 22:56:59', ' ', ''),
(102, 1, 'Cloves', 'Active', '2021-10-07 22:56:59', '2021-10-07 22:56:59', '2021-10-07 22:56:59', ' ', ''),
(103, 1, 'Alcho', 'Active', '2021-10-07 22:56:59', '2021-10-07 22:56:59', '2021-10-07 22:56:59', ' ', ''),
(104, 1, 'Badia', 'Active', '2021-10-07 22:56:59', '2021-10-07 22:56:59', '2021-10-07 22:56:59', ' ', ''),
(105, 1, 'Javantari', 'Active', '2021-10-07 22:56:59', '2021-10-07 22:56:59', '2021-10-07 22:56:59', ' ', ''),
(106, 1, 'Nutmeg', 'Active', '2021-10-07 22:56:59', '2021-10-07 22:56:59', '2021-10-07 22:56:59', ' ', ''),
(107, 1, 'Dagger flower', 'Active', '2021-10-07 22:56:59', '2021-10-07 22:56:59', '2021-10-07 22:56:59', '  ', ''),
(108, 1, 'Kajukani', 'Active', '2021-10-07 22:56:59', '2021-10-07 22:56:59', '2021-10-07 22:56:59', ' ', ''),
(109, 1, 'Brainstorming', 'Active', '2021-10-07 22:56:59', '2021-10-07 22:56:59', '2021-10-07 22:56:59', ' ', ''),
(110, 1, 'Kitchenking', 'Active', '2021-10-07 22:56:59', '2021-10-07 22:56:59', '2021-10-07 22:56:59', ' ', ''),
(111, 1, 'From Kasuri', 'Active', '2021-10-07 22:56:59', '2021-10-07 22:56:59', '2021-10-07 22:56:59', ' ', ''),
(112, 1, 'Garlic powder', 'Active', '2021-10-07 22:56:59', '2021-10-07 22:56:59', '2021-10-07 22:56:59', '  ', ''),
(113, 1, 'Onion powder', 'Active', '2021-10-07 22:56:59', '2021-10-07 22:56:59', '2021-10-07 22:56:59', '   ', ''),
(114, 1, 'Chaat masala', 'Active', '2021-10-07 22:56:59', '2021-10-07 22:56:59', '2021-10-07 22:56:59', '  ', ''),
(115, 1, 'Jiralu', 'Active', '2021-10-07 22:56:59', '2021-10-07 22:56:59', '2021-10-07 22:56:59', '', ''),
(116, 1, 'Desi chickpeas', 'Active', '2021-10-07 22:56:59', '2021-10-07 22:56:59', '2021-10-07 22:56:59', ' ', ''),
(117, 1, 'Panipuri masala', 'Active', '2021-10-07 22:56:59', '2021-10-07 22:56:59', '2021-10-07 22:56:59', ' ', ''),
(118, 1, 'Hipolin powder', 'Active', '2021-10-07 22:56:59', '2021-10-07 22:56:59', '2021-10-07 22:56:59', '  ', ''),
(119, 1, 'Masota', 'Active', '2021-10-07 22:56:59', '2021-10-07 22:56:59', '2021-10-07 22:56:59', ' ', ''),
(120, 1, 'Matches', 'Active', '2021-10-07 22:56:59', '2021-10-07 22:56:59', '2021-10-07 22:56:59', ' ', ''),
(121, 1, 'Falcon ', 'Active', '2021-10-07 22:56:59', '2021-10-07 22:56:59', '2021-10-07 22:56:59', '  ', ''),
(122, 1, 'Basket', 'Active', '2021-10-07 22:56:59', '2021-10-07 22:56:59', '2021-10-07 22:56:59', ' ', ''),
(123, 1, 'Baskets', 'Active', '2021-10-07 22:56:59', '2021-10-07 22:56:59', '2021-10-07 22:56:59', ' ', ''),
(124, 1, 'Mukhwas', 'Active', '2021-10-13 08:38:07', '2021-10-13 08:38:07', '2021-10-13 08:38:07', ' ', NULL),
(125, 1, 'Plum', 'Active', '2021-10-07 22:56:59', '2021-10-07 22:56:59', '2021-10-07 22:56:59', ' ', ''),
(126, 1, 'Cocoa powder', 'Active', '2021-10-07 22:56:59', '2021-10-07 22:56:59', '2021-10-07 22:56:59', ' ', ''),
(127, 1, 'Drinking chocolate powder', 'Active', '2021-10-07 22:56:59', '2021-10-07 22:56:59', '2021-10-07 22:56:59', '  ', ''),
(128, 1, 'Vanillastard', 'Active', '2021-10-07 22:56:59', '2021-10-07 22:56:59', '2021-10-07 22:56:59', ' ', ''),
(129, 1, 'Kdvococo', 'Active', '2021-10-07 22:56:59', '2021-10-07 22:56:59', '2021-10-07 22:56:59', ' ', ''),
(130, 1, 'Chocolate sauce', 'Active', '2021-10-07 22:56:59', '2021-10-07 22:56:59', '2021-10-07 22:56:59', '  ', ''),
(131, 1, 'Cherry', 'Active', '2021-10-07 22:56:59', '2021-10-07 22:56:59', '2021-10-07 22:56:59', '  ', ''),
(132, 1, 'Strawberry Crush', 'Active', '2021-10-07 22:56:59', '2021-10-07 22:56:59', '2021-10-07 22:56:59', '  ', ''),
(133, 1, 'OrangeCrush', 'Active', '2021-10-07 22:56:59', '2021-10-07 22:56:59', '2021-10-07 22:56:59', ' ', ''),
(134, 1, 'Kiwikrush', 'Active', '2021-10-07 22:56:59', '2021-10-07 22:56:59', '2021-10-07 22:56:59', ' ', ''),
(135, 1, 'Black Current Crush', 'Active', '2021-10-07 22:56:59', '2021-10-07 22:56:59', '2021-10-07 22:56:59', '   ', ''),
(136, 1, 'Pineapple Crush', 'Active', '2021-10-07 22:56:59', '2021-10-07 22:56:59', '2021-10-07 22:56:59', '  ', ''),
(137, 1, 'Rhubarb crush', 'Active', '2021-10-07 22:56:59', '2021-10-07 22:56:59', '2021-10-07 22:56:59', '  ', ''),
(138, 1, 'Papad', 'Active', '2021-10-07 22:56:59', '2021-10-07 22:56:59', '2021-10-07 22:56:59', ' ', ''),
(139, 2, 'Papadi', 'Active', '2021-10-07 22:57:00', '2021-10-07 22:57:00', '2021-10-07 22:57:00', ' ', ''),
(140, 1, 'Samosa Fries', 'Active', '2021-10-07 22:56:59', '2021-10-07 22:56:59', '2021-10-07 22:56:59', '  ', ''),
(141, 1, 'Flattery', 'Active', '2021-10-07 22:56:59', '2021-10-07 22:56:59', '2021-10-07 22:56:59', ' ', ''),
(142, 1, 'Spice', 'Active', '2021-10-07 22:56:59', '2021-10-07 22:56:59', '2021-10-07 22:56:59', ' ', ''),
(143, 1, 'Saline', 'Active', '2021-10-07 22:56:59', '2021-10-07 22:56:59', '2021-10-07 22:56:59', ' ', ''),
(144, 1, 'Khichiyapapad', 'Active', '2021-10-07 22:56:59', '2021-10-07 22:56:59', '2021-10-07 22:56:59', ' ', ''),
(145, 1, 'Milk powder', 'Active', '2021-10-07 22:56:59', '2021-10-07 22:56:59', '2021-10-07 22:56:59', '     ', ''),
(146, 1, 'Coconut milk cans', 'Active', '2021-10-07 22:56:59', '2021-10-07 22:56:59', '2021-10-07 22:56:59', '  ', ''),
(147, 1, 'Sweet sugar', 'Active', '2021-10-07 22:56:59', '2021-10-07 22:56:59', '2021-10-07 22:56:59', ' ', ''),
(148, 1, 'Aretha', 'Active', '2021-10-07 22:56:59', '2021-10-07 22:56:59', '2021-10-07 22:56:59', ' ', ''),
(149, 1, 'Corn flour', 'Active', '2021-10-07 22:56:59', '2021-10-07 22:56:59', '2021-10-07 22:56:59', '  ', ''),
(150, 1, 'Millet flour', 'Active', '2021-10-07 22:56:59', '2021-10-07 22:56:59', '2021-10-07 22:56:59', '  ', ''),
(151, 1, 'Sorghum flour', 'Active', '2021-10-07 22:56:59', '2021-10-07 22:56:59', '2021-10-07 22:56:59', '  ', ''),
(152, 1, 'Peanuts', 'Active', '2021-10-07 22:56:59', '2021-10-07 22:56:59', '2021-10-07 22:56:59', ' ', ''),
(153, 1, 'Silk chilli', 'Active', '2021-10-07 22:56:59', '2021-10-07 22:56:59', '2021-10-07 22:56:59', '  ', ''),
(154, 1, 'Bormarchan', 'Active', '2021-10-07 22:56:59', '2021-10-07 22:56:59', '2021-10-07 22:56:59', ' ', ''),
(155, 1, 'Fermented salt', 'Active', '2021-10-07 22:56:59', '2021-10-07 22:56:59', '2021-10-07 22:56:59', '  ', ''),
(156, 1, 'Go away', 'Active', '2021-10-07 22:56:59', '2021-10-07 22:56:59', '2021-10-07 22:56:59', ' ', ''),
(157, 1, 'Rai Kuria', 'Active', '2021-10-07 22:56:59', '2021-10-07 22:56:59', '2021-10-07 22:56:59', '  ', ''),
(158, 1, 'Methi Kuria', 'Active', '2021-10-07 22:56:59', '2021-10-07 22:56:59', '2021-10-07 22:56:59', '  ', ''),
(159, 1, 'Mustard oil', 'Active', '2021-10-07 22:56:59', '2021-10-07 22:56:59', '2021-10-07 22:56:59', '  ', ''),
(160, 1, 'Soychrach', 'Active', '2021-10-07 22:56:59', '2021-10-07 22:56:59', '2021-10-07 22:56:59', ' ', ''),
(161, 1, 'Dahlia', 'Active', '2021-10-07 22:56:59', '2021-10-07 22:56:59', '2021-10-07 22:56:59', ' ', ''),
(162, 1, 'Takmariya', 'Active', '2021-10-07 22:56:59', '2021-10-07 22:56:59', '2021-10-07 22:56:59', ' ', ''),
(163, 1, 'White pepper powder', 'Active', '2021-10-07 22:56:59', '2021-10-07 22:56:59', '2021-10-07 22:56:59', '  ', ''),
(164, 1, 'Black pepper powder', 'Active', '2021-10-07 22:57:00', '2021-10-07 22:57:00', '2021-10-07 22:57:00', '    ', ''),
(165, 1, 'Cat litter m', 'Active', '2021-10-07 22:57:00', '2021-10-07 22:57:00', '2021-10-07 22:57:00', '  ', ''),
(166, 1, 'Ness coffee', 'Active', '2021-10-07 22:57:00', '2021-10-07 22:57:00', '2021-10-07 22:57:00', '  ', ''),
(167, 1, 'Foil', 'Active', '2021-10-07 22:57:00', '2021-10-07 22:57:00', '2021-10-07 22:57:00', ' ', ''),
(168, 1, 'Val Desi', 'Active', '2021-10-07 22:57:00', '2021-10-07 22:57:00', '2021-10-07 22:57:00', '  ', ''),
(169, 1, 'Ranguniwal', 'Active', '2021-10-07 22:57:00', '2021-10-07 22:57:00', '2021-10-07 22:57:00', ' ', ''),
(170, 1, 'Val Nidal', 'Active', '2021-10-07 22:57:00', '2021-10-07 22:57:00', '2021-10-07 22:57:00', '  ', ''),
(171, 1, 'Jellipino', 'Active', '2021-10-07 22:57:00', '2021-10-07 22:57:00', '2021-10-07 22:57:00', ' ', ''),
(172, 1, 'Babecusos', 'Active', '2021-10-07 22:57:00', '2021-10-07 22:57:00', '2021-10-07 22:57:00', ' ', ''),
(173, 1, 'Mustard sauce', 'Active', '2021-10-07 22:57:00', '2021-10-07 22:57:00', '2021-10-07 22:57:00', ' ', ''),
(174, 1, 'Oyster Sauce', 'Active', '2021-10-07 22:57:00', '2021-10-07 22:57:00', '2021-10-07 22:57:00', '  ', ''),
(175, 1, 'Garlicosos', 'Active', '2021-10-07 22:57:00', '2021-10-07 22:57:00', '2021-10-07 22:57:00', ' ', ''),
(176, 1, 'Cezvansos', 'Active', '2021-10-07 22:57:00', '2021-10-07 22:57:00', '2021-10-07 22:57:00', ' ', ''),
(177, 1, 'Tomato puree', 'Active', '2021-10-07 22:57:00', '2021-10-07 22:57:00', '2021-10-07 22:57:00', ' ', ''),
(178, 1, 'Selabasmati', 'Active', '2021-10-07 22:57:00', '2021-10-07 22:57:00', '2021-10-07 22:57:00', ' ', ''),
(179, 1, 'Olive oil', 'Active', '2021-10-07 22:57:00', '2021-10-07 22:57:00', '2021-10-07 22:57:00', '  ', ''),
(180, 1, 'Pickled sambar', 'Active', '2021-10-07 22:57:00', '2021-10-07 22:57:00', '2021-10-07 22:57:00', '  ', ''),
(181, 1, 'Sambhar masala', 'Active', '2021-10-07 22:57:00', '2021-10-07 22:57:00', '2021-10-07 22:57:00', '  ', ''),
(182, 1, 'Butter spice', 'Active', '2021-10-07 22:57:00', '2021-10-07 22:57:00', '2021-10-07 22:57:00', '  ', ''),
(183, 1, 'Chhas Nomsalo', 'Active', '2021-10-07 22:57:00', '2021-10-07 22:57:00', '2021-10-07 22:57:00', '  ', ''),
(184, 1, 'Green bodice', 'Active', '2021-10-07 22:57:00', '2021-10-07 22:57:00', '2021-10-07 22:57:00', '  ', ''),
(185, 1, 'Redhead', 'Active', '2021-10-07 22:57:00', '2021-10-07 22:57:00', '2021-10-07 22:57:00', '  ', ''),
(186, 1, 'White chola', 'Active', '2021-10-07 22:57:00', '2021-10-07 22:57:00', '2021-10-07 22:57:00', '  ', ''),
(187, 1, 'Beans cans', 'Active', '2021-10-07 22:57:00', '2021-10-07 22:57:00', '2021-10-07 22:57:00', '  ', ''),
(188, 1, 'Canapes', 'Active', '2021-10-07 22:57:00', '2021-10-07 22:57:00', '2021-10-07 22:57:00', ' ', ''),
(189, 1, 'Macroni', 'Active', '2021-10-07 22:57:00', '2021-10-07 22:57:00', '2021-10-07 22:57:00', ' ', ''),
(190, 1, 'Furfly pasta', 'Active', '2021-10-07 22:57:00', '2021-10-07 22:57:00', '2021-10-07 22:57:00', '  ', ''),
(191, 1, 'Screw pasta', 'Active', '2021-10-07 22:57:00', '2021-10-07 22:57:00', '2021-10-07 22:57:00', '  ', ''),
(192, 1, 'Penny pasta', 'Active', '2021-10-07 22:57:00', '2021-10-07 22:57:00', '2021-10-07 22:57:00', '  ', ''),
(193, 1, 'The spice of the juice', 'Active', '2021-10-07 22:57:00', '2021-10-07 22:57:00', '2021-10-07 22:57:00', '   ', ''),
(194, 1, 'Sandwich spice', 'Active', '2021-10-07 22:57:00', '2021-10-07 22:57:00', '2021-10-07 22:57:00', '  ', ''),
(195, 1, 'Baking powder', 'Active', '2021-10-07 22:57:00', '2021-10-07 22:57:00', '2021-10-07 22:57:00', '  ', ''),
(196, 1, 'Orange Crush', 'Active', '2021-10-07 22:57:00', '2021-10-07 22:57:00', '2021-10-07 22:57:00', '   ', ''),
(197, 1, 'Crush the toss', 'Active', '2021-10-07 22:57:00', '2021-10-07 22:57:00', '2021-10-07 22:57:00', '  ', ''),
(198, 1, 'Cocoa powder', 'Active', '2021-10-07 22:57:00', '2021-10-07 22:57:00', '2021-10-07 22:57:00', '    ', ''),
(199, 1, 'Kalajam Crush', 'Active', '2021-10-07 22:57:00', '2021-10-07 22:57:00', '2021-10-07 22:57:00', '  ', ''),
(200, 1, 'Honey bottle', 'Active', '2021-10-07 22:57:00', '2021-10-07 22:57:00', '2021-10-07 22:57:00', ' ', ''),
(201, 1, 'Rajgara flour', 'Active', '2021-10-07 22:57:00', '2021-10-07 22:57:00', '2021-10-07 22:57:00', '  ', ''),
(202, 1, 'Morio', 'Active', '2021-10-07 22:57:00', '2021-10-07 22:57:00', '2021-10-07 22:57:00', ' ', ''),
(203, 1, 'Shingles flour', 'Active', '2021-10-07 22:57:00', '2021-10-07 22:57:00', '2021-10-07 22:57:00', '  ', ''),
(204, 1, 'Swaminarayanpuri Lot', 'Active', '2021-10-07 22:57:00', '2021-10-07 22:57:00', '2021-10-07 22:57:00', ' ', ''),
(205, 1, 'Gulkand', 'Active', '2021-10-07 22:57:00', '2021-10-07 22:57:00', '2021-10-07 22:57:00', ' ', ''),
(206, 1, 'Tutifuti', 'Active', '2021-10-07 22:57:00', '2021-10-07 22:57:00', '2021-10-07 22:57:00', ' ', ''),
(207, 1, 'Soybeans', 'Active', '2021-10-07 22:57:00', '2021-10-07 22:57:00', '2021-10-07 22:57:00', ' ', ''),
(208, 1, 'ThaiPaste', 'Active', '2021-10-07 22:57:00', '2021-10-07 22:57:00', '2021-10-07 22:57:00', ' ', ''),
(209, 1, 'Tea spice', 'Active', '2021-10-07 22:57:00', '2021-10-07 22:57:00', '2021-10-07 22:57:00', '  ', ''),
(210, 1, 'Periphery sauce', 'Active', '2021-10-07 22:57:00', '2021-10-07 22:57:00', '2021-10-07 22:57:00', '  ', ''),
(211, 1, 'Mustard sauce', 'Active', '2021-10-07 22:57:00', '2021-10-07 22:57:00', '2021-10-07 22:57:00', '  ', ''),
(212, 1, 'Capsico sauce', 'Active', '2021-10-07 22:57:00', '2021-10-07 22:57:00', '2021-10-07 22:57:00', '  ', ''),
(213, 1, 'Salsasos', 'Active', '2021-10-07 22:57:00', '2021-10-07 22:57:00', '2021-10-07 22:57:00', ' ', ''),
(214, 1, 'Saline seeds', 'Active', '2021-10-07 22:57:00', '2021-10-07 22:57:00', '2021-10-07 22:57:00', ' ', ''),
(215, 1, 'Save Ratlami', 'Active', '2021-10-07 22:57:00', '2021-10-07 22:57:00', '2021-10-07 22:57:00', '  ', ''),
(216, 5, 'Jamkhabhaliya ghee', 'Active', '2021-10-07 22:57:00', '2021-10-07 22:57:00', '2021-10-07 22:57:00', '  ', ''),
(217, 5, 'Cheese slices', 'Active', '2021-10-07 22:57:00', '2021-10-07 22:57:00', '2021-10-07 22:57:00', ' ', ''),
(218, 5, 'Popcorn cheese', 'Active', '2021-10-07 22:57:00', '2021-10-07 22:57:00', '2021-10-07 22:57:00', '  ', ''),
(219, 5, 'Idda Kheeru', 'Active', '2021-10-07 22:57:00', '2021-10-07 22:57:00', '2021-10-07 22:57:00', ' ', ''),
(220, 5, 'Papadi-nodules', 'Active', '2021-10-07 22:57:00', '2021-10-07 22:57:00', '2021-10-07 22:57:00', '- ', ''),
(221, 5, 'Handwa flour', 'Active', '2021-10-07 22:57:00', '2021-10-07 22:57:00', '2021-10-07 22:57:00', '   ', ''),
(222, 5, 'Chickpea flour', 'Active', '2021-10-07 22:57:00', '2021-10-07 22:57:00', '2021-10-07 22:57:00', '      ', ''),
(223, 5, 'Wheat coarse flour', 'Active', '2021-10-07 22:57:00', '2021-10-07 22:57:00', '2021-10-07 22:57:00', '   ', ''),
(224, 5, 'Jinisev Farsan', 'Active', '2021-10-07 22:57:00', '2021-10-07 22:57:00', '2021-10-07 22:57:00', '  ', ''),
(225, 5, 'Jadisev Farsan', 'Active', '2021-10-07 22:57:00', '2021-10-07 22:57:00', '2021-10-07 22:57:00', ' ', ''),
(226, 5, 'East', 'Active', '2021-10-07 22:57:00', '2021-10-07 22:57:00', '2021-10-07 22:57:00', ' ', ''),
(227, 5, 'Molomavo', 'Active', '2021-10-07 22:57:00', '2021-10-07 22:57:00', '2021-10-07 22:57:00', ' ', ''),
(228, 5, 'Klankandamavo', 'Active', '2021-10-07 22:57:00', '2021-10-07 22:57:00', '2021-10-07 22:57:00', '   ', ''),
(229, 5, 'Nachos', 'Active', '2021-10-07 22:57:00', '2021-10-07 22:57:00', '2021-10-07 22:57:00', ' ', ''),
(230, 5, 'Tacos', 'Active', '2021-10-07 22:57:00', '2021-10-07 22:57:00', '2021-10-07 22:57:00', ' ', ''),
(231, 5, 'Samospatti', 'Active', '2021-10-07 22:57:00', '2021-10-07 22:57:00', '2021-10-07 22:57:00', ' ', ''),
(232, 5, 'Springrolrolly', 'Active', '2021-10-07 22:57:00', '2021-10-07 22:57:00', '2021-10-07 22:57:00', ' ', ''),
(233, 5, 'Frankinrotley', 'Active', '2021-10-07 22:57:00', '2021-10-07 22:57:00', '2021-10-07 22:57:00', ' ', ''),
(234, 5, 'Pizza bread', 'Active', '2021-10-07 22:57:00', '2021-10-07 22:57:00', '2021-10-07 22:57:00', '  ', ''),
(235, 5, 'Garlic bread', 'Active', '2021-10-07 22:57:00', '2021-10-07 22:57:00', '2021-10-07 22:57:00', '  ', ''),
(236, 5, 'Biscuitpie', 'Active', '2021-10-07 22:57:00', '2021-10-07 22:57:00', '2021-10-07 22:57:00', ' ', ''),
(237, 5, 'Bread', 'Active', '2021-10-07 22:57:00', '2021-10-07 22:57:00', '2021-10-07 22:57:00', ' ', ''),
(238, 5, 'Tosbiskit', 'Active', '2021-10-07 22:57:00', '2021-10-07 22:57:00', '2021-10-07 22:57:00', ' ', ''),
(239, 5, 'Toast sandwich', 'Active', '2021-10-07 22:57:00', '2021-10-07 22:57:00', '2021-10-07 22:57:00', ' ', ''),
(240, 5, 'Kulcha', 'Active', '2021-10-07 22:57:00', '2021-10-07 22:57:00', '2021-10-07 22:57:00', ' ', ''),
(241, 5, 'Barbecue kulcha', 'Active', '2021-10-07 22:57:00', '2021-10-07 22:57:00', '2021-10-07 22:57:00', '  ', ''),
(242, 5, 'Pav Bhajina Pav', 'Active', '2021-10-07 22:57:00', '2021-10-07 22:57:00', '2021-10-07 22:57:00', '   ', ''),
(243, 5, 'Brownie', 'Active', '2021-10-07 22:57:00', '2021-10-07 22:57:00', '2021-10-07 22:57:00', '  ', ''),
(244, 5, 'Coconut shell', 'Active', '2021-10-07 22:57:00', '2021-10-07 22:57:00', '2021-10-07 22:57:00', '  ', ''),
(245, 5, 'Khaman ready', 'Active', '2021-10-07 22:57:00', '2021-10-07 22:57:00', '2021-10-07 22:57:00', '  ', ''),
(246, 5, 'Idla ready', 'Active', '2021-10-07 22:57:00', '2021-10-07 22:57:00', '2021-10-07 22:57:00', ' ', ''),
(247, 5, 'Containers ready', 'Active', '2021-10-07 22:57:00', '2021-10-07 22:57:00', '2021-10-07 22:57:00', ' ', ''),
(248, 5, 'Live Dhokla ready', 'Active', '2021-10-07 22:57:00', '2021-10-07 22:57:00', '2021-10-07 22:57:00', '  ', ''),
(249, 5, 'Soup steak', 'Active', '2021-10-07 22:57:00', '2021-10-07 22:57:00', '2021-10-07 22:57:00', '  ', ''),
(250, 5, 'Grapes', 'Active', '2021-10-07 22:57:00', '2021-10-07 22:57:00', '2021-10-07 22:57:00', ' ', ''),
(251, 5, 'Cashew Sweet', 'Active', '2021-10-07 22:57:00', '2021-10-07 22:57:00', '2021-10-07 22:57:00', '  ', ''),
(252, 5, 'Bengali Sweet', 'Active', '2021-10-07 22:57:00', '2021-10-07 22:57:00', '2021-10-07 22:57:00', '  ', ''),
(253, 5, 'Custard pulp', 'Active', '2021-10-07 22:57:00', '2021-10-07 22:57:00', '2021-10-07 22:57:00', '  ', ''),
(254, 5, 'Peel an orange', 'Active', '2021-10-07 22:57:00', '2021-10-07 22:57:00', '2021-10-07 22:57:00', '  ', ''),
(255, 5, 'Cream salad ready', 'Active', '2021-10-07 22:57:00', '2021-10-07 22:57:00', '2021-10-07 22:57:00', '  ', ''),
(256, 5, 'Monastery', 'Active', '2021-10-07 22:57:00', '2021-10-07 22:57:00', '2021-10-07 22:57:00', ' ', ''),
(257, 5, 'Shrikhad', 'Active', '2021-10-07 22:57:00', '2021-10-07 22:57:00', '2021-10-07 22:57:00', '', ''),
(258, 5, 'Coal', 'Active', '2021-10-07 22:57:00', '2021-10-07 22:57:00', '2021-10-07 22:57:00', ' ', ''),
(259, 5, 'Canola pipe', 'Active', '2021-10-07 22:57:00', '2021-10-07 22:57:00', '2021-10-07 22:57:00', '  ', ''),
(260, 5, 'Pineapple Titbit', 'Active', '2021-10-07 22:57:00', '2021-10-07 22:57:00', '2021-10-07 22:57:00', '  ', ''),
(261, 5, 'Mango juice', 'Active', '2021-10-07 22:57:00', '2021-10-07 22:57:00', '2021-10-07 22:57:00', '   ', ''),
(262, 5, 'Cans of juice', 'Active', '2021-10-07 22:57:00', '2021-10-07 22:57:00', '2021-10-07 22:57:00', '  ', ''),
(263, 5, 'Tarofa cream', 'Active', '2021-10-07 22:57:00', '2021-10-07 22:57:00', '2021-10-07 22:57:00', '  ', ''),
(264, 5, 'Green coconut', 'Active', '2021-10-07 22:57:00', '2021-10-07 22:57:00', '2021-10-07 22:57:00', '  ', ''),
(265, 5, 'Strawberry pieces', 'Active', '2021-10-07 22:57:00', '2021-10-07 22:57:00', '2021-10-07 22:57:00', '  ', ''),
(266, 5, 'Juice cream', 'Active', '2021-10-07 22:57:00', '2021-10-07 22:57:00', '2021-10-07 22:57:00', '  ', ''),
(267, 5, 'Cream balls', 'Active', '2021-10-07 22:57:00', '2021-10-07 22:57:00', '2021-10-07 22:57:00', '  ', ''),
(268, 5, 'Spoon of cream', 'Active', '2021-10-07 22:57:00', '2021-10-07 22:57:00', '2021-10-07 22:57:00', '  ', ''),
(269, 5, 'Lychee stalks', 'Active', '2021-10-07 22:57:00', '2021-10-07 22:57:00', '2021-10-07 22:57:00', '  ', ''),
(270, 5, 'Lazania belt', 'Active', '2021-10-07 22:57:00', '2021-10-07 22:57:00', '2021-10-07 22:57:00', '  ', ''),
(271, 5, 'Blue Lagoon', 'Active', '2021-10-07 22:57:00', '2021-10-07 22:57:00', '2021-10-07 22:57:00', '  ', ''),
(272, 5, 'Mozito', 'Active', '2021-10-07 22:57:00', '2021-10-07 22:57:00', '2021-10-07 22:57:00', ' ', ''),
(273, 5, 'Mirida colddrink', 'Active', '2021-10-07 22:57:00', '2021-10-07 22:57:00', '2021-10-07 22:57:00', ' ', ''),
(274, 5, 'Spritecolddrink', 'Active', '2021-10-07 22:57:00', '2021-10-07 22:57:00', '2021-10-07 22:57:00', '', ''),
(275, 5, 'My colddrink', 'Active', '2021-10-07 22:57:00', '2021-10-07 22:57:00', '2021-10-07 22:57:00', ' ', ''),
(276, 5, 'Kalajam', 'Active', '2021-10-07 22:57:00', '2021-10-07 22:57:00', '2021-10-07 22:57:00', ' ', ''),
(277, 5, 'Bread packets', 'Active', '2021-10-07 22:57:00', '2021-10-07 22:57:00', '2021-10-07 22:57:00', '  ', ''),
(278, 5, 'Sekelasingadana', 'Active', '2021-10-07 22:57:00', '2021-10-07 22:57:00', '2021-10-07 22:57:00', ' ', ''),
(279, 5, 'Salty', 'Active', '2021-10-07 22:57:00', '2021-10-07 22:57:00', '2021-10-07 22:57:00', ' ', ''),
(280, 5, 'Ice cream', 'Active', '2021-10-07 22:57:00', '2021-10-07 22:57:00', '2021-10-07 22:57:00', ' ', ''),
(281, 5, 'Chanachor hot', 'Active', '2021-10-07 22:57:00', '2021-10-07 22:57:00', '2021-10-07 22:57:00', '  ', ''),
(282, 5, 'Popcorn', 'Active', '2021-10-07 22:57:00', '2021-10-07 22:57:00', '2021-10-07 22:57:00', ' ', ''),
(283, 5, 'Sugarcandy', 'Active', '2021-10-07 22:57:00', '2021-10-07 22:57:00', '2021-10-07 22:57:00', ' ', ''),
(284, 5, 'Jumping', 'Active', '2021-10-07 22:57:00', '2021-10-07 22:57:00', '2021-10-07 22:57:00', ' ', ''),
(285, 5, 'Coffee machine', 'Active', '2021-10-07 22:57:00', '2021-10-07 22:57:00', '2021-10-07 22:57:00', '  ', ''),
(286, 5, 'Fruit Dis', 'Active', '2021-10-07 22:57:00', '2021-10-07 22:57:00', '2021-10-07 22:57:00', '   ', ''),
(287, 5, 'Coffee bar', 'Active', '2021-10-07 22:57:00', '2021-10-07 22:57:00', '2021-10-07 22:57:00', ' ', ''),
(288, 5, 'Mocktail bar', 'Active', '2021-10-07 22:57:00', '2021-10-07 22:57:00', '2021-10-07 22:57:00', '  ', ''),
(289, 5, 'Ice cream bar', 'Active', '2021-10-07 22:57:00', '2021-10-07 22:57:00', '2021-10-07 22:57:00', '  ', ''),
(290, 5, 'Patudi', 'Active', '2021-10-07 22:57:00', '2021-10-07 22:57:00', '2021-10-07 22:57:00', ' ', ''),
(291, 5, 'Cheese spinach patudi', 'Active', '2021-10-07 22:57:00', '2021-10-07 22:57:00', '2021-10-07 22:57:00', '   ', ''),
(292, 5, 'Mother of cow\'s milk', 'Active', '2021-10-07 22:57:00', '2021-10-07 22:57:00', '2021-10-07 22:57:00', '     ', ''),
(293, 5, 'Limca colddrink', 'Active', '2021-10-07 22:57:00', '2021-10-07 22:57:00', '2021-10-07 22:57:00', '  ', ''),
(294, 5, 'Bruceta', 'Active', '2021-10-07 22:57:00', '2021-10-07 22:57:00', '2021-10-07 22:57:00', ' ', ''),
(295, 5, 'Arc', 'Active', '2021-10-07 22:57:00', '2021-10-07 22:57:00', '2021-10-07 22:57:00', ' ', ''),
(296, 5, 'Kulfi', 'Active', '2021-10-07 22:57:00', '2021-10-07 22:57:00', '2021-10-07 22:57:00', ' ', ''),
(297, 5, 'Pansot', 'Active', '2021-10-07 22:57:00', '2021-10-07 22:57:00', '2021-10-07 22:57:00', ' ', ''),
(298, 5, 'Nylonsave', 'Active', '2021-10-07 22:57:00', '2021-10-07 22:57:00', '2021-10-07 22:57:00', ' ', ''),
(299, 5, 'Labor', 'Active', '2021-10-07 22:57:00', '2021-10-07 22:57:00', '2021-10-07 22:57:00', '', ''),
(300, 5, 'The waiter', 'Active', '2021-10-07 22:57:00', '2021-10-07 22:57:00', '2021-10-07 22:57:00', ' ', ''),
(301, 5, 'Valley', 'Active', '2021-10-07 22:57:00', '2021-10-07 22:57:00', '2021-10-07 22:57:00', ' ', ''),
(302, 5, 'Bombayboy', 'Active', '2021-10-07 22:57:00', '2021-10-07 22:57:00', '2021-10-07 22:57:00', ' ', ''),
(303, 5, 'P a o', 'Active', '2021-10-07 22:57:00', '2021-10-07 22:57:00', '2021-10-07 22:57:00', '   ', ''),
(304, 5, 'Rickshaw', 'Active', '2021-10-07 22:57:00', '2021-10-07 22:57:00', '2021-10-07 22:57:00', ' ', ''),
(305, 5, 'Tempo', 'Active', '2021-10-07 22:57:00', '2021-10-07 22:57:00', '2021-10-07 22:57:00', ' ', ''),
(306, 5, 'Decoration', 'Active', '2021-10-07 22:57:00', '2021-10-07 22:57:00', '2021-10-07 22:57:00', '', ''),
(307, 5, 'Spicy bundi', 'Active', '2021-10-07 22:57:00', '2021-10-07 22:57:00', '2021-10-07 22:57:00', '  ', ''),
(308, 2, 'Eggplant', 'Active', '2021-10-07 22:57:00', '2021-10-07 22:57:00', '2021-10-07 22:57:00', '', ''),
(309, 2, 'Billimora eggplant', 'Active', '2021-10-07 22:57:00', '2021-10-07 22:57:00', '2021-10-07 22:57:00', ' ', ''),
(310, 2, 'Riganravaiyan', 'Active', '2021-10-07 22:57:00', '2021-10-07 22:57:00', '2021-10-07 22:57:00', ' ', ''),
(311, 2, 'Potatoes', 'Active', '2021-10-07 22:57:00', '2021-10-07 22:57:00', '2021-10-07 22:57:00', ' ', ''),
(312, 2, 'Peas Shig', 'Active', '2021-10-07 22:57:00', '2021-10-07 22:57:00', '2021-10-07 22:57:00', '  ', ''),
(313, 2, 'Sweet potatoes', 'Active', '2021-10-07 22:57:00', '2021-10-07 22:57:00', '2021-10-07 22:57:00', ' ', ''),
(314, 2, 'Round yam', 'Active', '2021-10-07 22:57:00', '2021-10-07 22:57:00', '2021-10-07 22:57:00', '  ', ''),
(315, 2, 'Yam long', 'Active', '2021-10-07 22:57:00', '2021-10-07 22:57:00', '2021-10-07 22:57:00', '  ', ''),
(316, 2, 'Tomatoes', 'Active', '2021-10-07 22:57:00', '2021-10-07 22:57:00', '2021-10-07 22:57:00', ' ', ''),
(317, 2, 'Onions', 'Active', '2021-10-07 22:57:00', '2021-10-07 22:57:00', '2021-10-07 22:57:00', ' ', ''),
(318, 2, 'Green garlic curtains', 'Active', '2021-10-07 22:57:00', '2021-10-07 22:57:00', '2021-10-07 22:57:00', '  ', ''),
(319, 2, 'Dry the garlic', 'Active', '2021-10-07 22:57:00', '2021-10-07 22:57:00', '2021-10-07 22:57:00', '  ', ''),
(320, 2, 'Coriander curtains', 'Active', '2021-10-07 22:57:00', '2021-10-07 22:57:00', '2021-10-07 22:57:00', '  ', ''),
(321, 2, 'Neem', 'Active', '2021-10-07 22:57:00', '2021-10-07 22:57:00', '2021-10-07 22:57:00', ' ', ''),
(322, 2, 'Lemon', 'Active', '2021-10-07 22:57:00', '2021-10-07 22:57:00', '2021-10-07 22:57:00', ' ', ''),
(323, 2, 'Ginger', 'Active', '2021-10-07 22:57:00', '2021-10-07 22:57:00', '2021-10-07 22:57:00', ' ', ''),
(324, 2, 'Chili', 'Active', '2021-10-07 22:57:00', '2021-10-07 22:57:00', '2021-10-07 22:57:00', '    ', ''),
(325, 2, 'Yellow turmeric', 'Active', '2021-10-07 22:57:00', '2021-10-07 22:57:00', '2021-10-07 22:57:00', ' ', ''),
(326, 2, 'Mango', 'Active', '2021-10-07 22:57:00', '2021-10-07 22:57:00', '2021-10-07 22:57:00', ' ', ''),
(327, 2, 'Turia', 'Active', '2021-10-07 22:57:00', '2021-10-07 22:57:00', '2021-10-07 22:57:00', ' ', ''),
(328, 2, 'Patra Pan', 'Active', '2021-10-07 22:57:00', '2021-10-07 22:57:00', '2021-10-07 22:57:00', '  ', ''),
(329, 2, 'Capsicum', 'Active', '2021-10-07 22:57:00', '2021-10-07 22:57:00', '2021-10-07 22:57:00', ' ', ''),
(330, 2, 'Red capsicum', 'Active', '2021-10-07 22:57:00', '2021-10-07 22:57:00', '2021-10-07 22:57:00', '  ', ''),
(331, 2, 'Yellow capsicum', 'Active', '2021-10-07 22:57:00', '2021-10-07 22:57:00', '2021-10-07 22:57:00', '  ', ''),
(332, 2, 'Broccoli', 'Active', '2021-10-07 22:57:00', '2021-10-07 22:57:00', '2021-10-07 22:57:00', ' ', ''),
(333, 2, 'Jukney Green', 'Active', '2021-10-07 22:57:00', '2021-10-07 22:57:00', '2021-10-07 22:57:00', '  ', ''),
(334, 2, 'Juke\'s Yellow', 'Active', '2021-10-07 22:57:00', '2021-10-07 22:57:00', '2021-10-07 22:57:00', '  ', ''),
(335, 2, 'Purple Cauliflower', 'Active', '2021-10-07 22:57:00', '2021-10-07 22:57:00', '2021-10-07 22:57:00', '  ', ''),
(336, 2, 'Celery leaves', 'Active', '2021-10-07 22:57:00', '2021-10-07 22:57:00', '2021-10-07 22:57:00', ' ', ''),
(337, 2, 'Freshbasil', 'Active', '2021-10-07 22:57:00', '2021-10-07 22:57:00', '2021-10-07 22:57:00', ' ', ''),
(338, 2, 'Rosemary', 'Active', '2021-10-07 22:57:00', '2021-10-07 22:57:00', '2021-10-07 22:57:00', ' ', ''),
(339, 2, 'Lemon grass', 'Active', '2021-10-07 22:57:00', '2021-10-07 22:57:00', '2021-10-07 22:57:00', '  ', ''),
(340, 2, 'Lotus Gobi', 'Active', '2021-10-07 22:57:00', '2021-10-07 22:57:00', '2021-10-07 22:57:00', '  ', ''),
(341, 2, 'Cauliflower', 'Active', '2021-10-07 22:57:00', '2021-10-07 22:57:00', '2021-10-07 22:57:00', ' ', ''),
(342, 2, 'Carrots', 'Active', '2021-10-07 22:57:00', '2021-10-07 22:57:00', '2021-10-07 22:57:00', ' ', ''),
(343, 2, 'Cucumber', 'Active', '2021-10-07 22:57:00', '2021-10-07 22:57:00', '2021-10-07 22:57:00', ' ', ''),
(344, 2, 'Bit', 'Active', '2021-10-07 22:57:00', '2021-10-07 22:57:00', '2021-10-07 22:57:00', ' ', ''),
(345, 2, 'Radish', 'Active', '2021-10-07 22:57:00', '2021-10-07 22:57:00', '2021-10-07 22:57:00', ' ', ''),
(346, 2, 'Totapurikeri', 'Active', '2021-10-07 22:57:00', '2021-10-07 22:57:00', '2021-10-07 22:57:00', ' ', ''),
(347, 2, 'Hafuskeri', 'Active', '2021-10-07 22:57:00', '2021-10-07 22:57:00', '2021-10-07 22:57:00', ' ', ''),
(348, 2, 'Pineapple Nang', 'Active', '2021-10-07 22:57:00', '2021-10-07 22:57:00', '2021-10-07 22:57:00', '  ', ''),
(349, 2, 'Kiwi', 'Active', '2021-10-07 22:57:00', '2021-10-07 22:57:00', '2021-10-07 22:57:00', ' ', ''),
(350, 2, 'Rhubarb', 'Active', '2021-10-07 22:57:00', '2021-10-07 22:57:00', '2021-10-07 22:57:00', ' ', ''),
(351, 2, 'Chiku', 'Active', '2021-10-07 22:57:00', '2021-10-07 22:57:00', '2021-10-07 22:57:00', ' ', ''),
(352, 2, 'Pomegranate', 'Active', '2021-10-07 22:57:00', '2021-10-07 22:57:00', '2021-10-07 22:57:00', ' ', ''),
(353, 2, 'Apple', 'Active', '2021-10-07 22:57:00', '2021-10-07 22:57:00', '2021-10-07 22:57:00', ' ', ''),
(354, 2, 'Watermelon', 'Active', '2021-10-07 22:57:00', '2021-10-07 22:57:00', '2021-10-07 22:57:00', ' ', ''),
(355, 2, 'Black grapes', 'Active', '2021-10-07 22:57:00', '2021-10-07 22:57:00', '2021-10-07 22:57:00', '  ', ''),
(356, 2, 'Green grapes', 'Active', '2021-10-07 22:57:00', '2021-10-07 22:57:00', '2021-10-07 22:57:00', '  ', ''),
(357, 2, 'Bananas', 'Active', '2021-10-07 22:57:00', '2021-10-07 22:57:00', '2021-10-07 22:57:00', ' ', ''),
(358, 2, 'Greens', 'Active', '2021-10-07 22:57:00', '2021-10-07 22:57:00', '2021-10-07 22:57:00', '', ''),
(359, 2, 'Karela', 'Active', '2021-10-07 22:57:00', '2021-10-07 22:57:00', '2021-10-07 22:57:00', ' ', ''),
(360, 2, 'Tindora', 'Active', '2021-10-07 22:57:00', '2021-10-07 22:57:00', '2021-10-07 22:57:00', ' ', ''),
(361, 2, 'Parvar', 'Active', '2021-10-07 22:57:00', '2021-10-07 22:57:00', '2021-10-07 22:57:00', ' ', ''),
(362, 2, 'Oysters', 'Active', '2021-10-07 22:57:00', '2021-10-07 22:57:00', '2021-10-07 22:57:00', ' ', ''),
(363, 2, 'Flower', 'Active', '2021-10-07 22:57:00', '2021-10-07 22:57:00', '2021-10-07 22:57:00', ' ', ''),
(364, 2, 'Trapped', 'Active', '2021-10-07 22:57:00', '2021-10-07 22:57:00', '2021-10-07 22:57:00', ' ', ''),
(365, 2, 'Cheritameta', 'Active', '2021-10-07 22:57:00', '2021-10-07 22:57:00', '2021-10-07 22:57:00', ' ', ''),
(366, 2, 'Peeled garlic', 'Active', '2021-10-07 22:57:00', '2021-10-07 22:57:00', '2021-10-07 22:57:00', '  ', ''),
(367, 2, 'Consecutive walnuts', 'Active', '2021-10-07 22:57:00', '2021-10-07 22:57:00', '2021-10-07 22:57:00', '  ', ''),
(368, 2, 'Mushroom', 'Active', '2021-10-07 22:57:00', '2021-10-07 22:57:00', '2021-10-07 22:57:00', ' ', ''),
(369, 2, 'Babycorn', 'Active', '2021-10-07 22:57:00', '2021-10-07 22:57:00', '2021-10-07 22:57:00', ' ', ''),
(370, 2, 'American Corn', 'Active', '2021-10-07 22:57:00', '2021-10-07 22:57:00', '2021-10-07 22:57:00', '  ', ''),
(371, 2, 'Corn', 'Active', '2021-10-07 22:57:00', '2021-10-07 22:57:00', '2021-10-07 22:57:00', ' ', ''),
(372, 2, 'Arabic', 'Active', '2021-10-07 22:57:00', '2021-10-07 22:57:00', '2021-10-07 22:57:00', '     ', ''),
(373, 2, 'Wadhwani Chili', 'Active', '2021-10-07 22:57:00', '2021-10-07 22:57:00', '2021-10-07 22:57:00', '  ', ''),
(374, 2, 'Radish Chili', 'Active', '2021-10-07 22:57:00', '2021-10-07 22:57:00', '2021-10-07 22:57:00', '  ', ''),
(375, 2, 'Oranges', 'Active', '2021-10-07 22:57:00', '2021-10-07 22:57:00', '2021-10-07 22:57:00', ' ', ''),
(376, 2, 'Citrus', 'Active', '2021-10-07 22:57:00', '2021-10-07 22:57:00', '2021-10-07 22:57:00', ' ', ''),
(377, 2, 'Mint curtains', 'Active', '2021-10-07 22:57:00', '2021-10-07 22:57:00', '2021-10-07 22:57:00', '  ', ''),
(378, 2, 'Guardian', 'Active', '2021-10-07 22:57:00', '2021-10-07 22:57:00', '2021-10-07 22:57:00', ' ', ''),
(379, 2, 'pumpkin', 'Active', '2021-10-13 08:43:35', '2021-10-13 08:43:35', '2021-10-13 08:43:35', '', NULL),
(380, 2, 'Pasley', 'Active', '2021-10-07 22:57:00', '2021-10-07 22:57:00', '2021-10-07 22:57:00', ' ', ''),
(381, 2, 'Milky striped', 'Active', '2021-10-07 22:57:00', '2021-10-07 22:57:00', '2021-10-07 22:57:00', '  ', ''),
(382, 2, 'Cantola', 'Active', '2021-10-07 22:57:00', '2021-10-07 22:57:00', '2021-10-07 22:57:00', ' ', ''),
(383, 2, 'Guwarsingh', 'Active', '2021-10-07 22:57:00', '2021-10-07 22:57:00', '2021-10-07 22:57:00', '', ''),
(384, 2, 'Green', 'Active', '2021-10-07 22:57:00', '2021-10-07 22:57:00', '2021-10-07 22:57:00', '', ''),
(385, 2, 'Green chickpeas', 'Active', '2021-10-07 22:57:00', '2021-10-07 22:57:00', '2021-10-07 22:57:00', ' ', ''),
(386, 2, 'Tuvardana', 'Active', '2021-10-07 22:57:00', '2021-10-07 22:57:00', '2021-10-07 22:57:00', ' ', ''),
(387, 2, 'Raw papam', 'Active', '2021-10-07 22:57:00', '2021-10-07 22:57:00', '2021-10-07 22:57:00', '     ', ''),
(388, 2, 'Pakuppam', 'Active', '2021-10-07 22:57:00', '2021-10-07 22:57:00', '2021-10-07 22:57:00', ' ', ''),
(389, 2, 'Mentho', 'Active', '2021-10-07 22:57:00', '2021-10-07 22:57:00', '2021-10-07 22:57:00', ' ', ''),
(390, 2, 'Sarsoki Bhaji', 'Active', '2021-10-07 22:57:00', '2021-10-07 22:57:00', '2021-10-07 22:57:00', '  ', ''),
(391, 2, 'Sengta Sing', 'Active', '2021-10-07 22:57:00', '2021-10-07 22:57:00', '2021-10-07 22:57:00', '  ', ''),
(392, 2, 'Kamarakh', 'Active', '2021-10-07 22:57:00', '2021-10-07 22:57:00', '2021-10-07 22:57:00', ' ', ''),
(393, 2, 'Pineapple Nang', 'Active', '2021-10-07 22:57:00', '2021-10-07 22:57:00', '2021-10-07 22:57:00', '  ', ''),
(394, 2, 'Small potatoes', 'Active', '2021-10-07 22:57:00', '2021-10-07 22:57:00', '2021-10-07 22:57:00', '  ', ''),
(395, 4, 'Papernapkin', 'Active', '2021-10-07 22:57:00', '2021-10-07 22:57:00', '2021-10-07 22:57:00', ' ', ''),
(396, 4, 'Glass of water', 'Active', '2021-10-07 22:57:00', '2021-10-07 22:57:00', '2021-10-07 22:57:00', '   ', ''),
(397, 4, 'Glass of juice', 'Active', '2021-10-07 22:57:00', '2021-10-07 22:57:00', '2021-10-07 22:57:00', '   ', ''),
(398, 4, 'Small paper napkin', 'Active', '2021-10-07 22:57:00', '2021-10-07 22:57:00', '2021-10-07 22:57:00', '   ', ''),
(399, 4, 'Silver foil', 'Active', '2021-10-07 22:57:00', '2021-10-07 22:57:00', '2021-10-07 22:57:00', '  ', ''),
(400, 4, 'Cream foil', 'Active', '2021-10-07 22:57:00', '2021-10-07 22:57:00', '2021-10-07 22:57:00', '  ', ''),
(401, 4, 'Garbage bag', 'Active', '2021-10-07 22:57:00', '2021-10-07 22:57:00', '2021-10-07 22:57:00', '  ', ''),
(402, 4, 'Name tag', 'Active', '2021-10-07 22:57:01', '2021-10-07 22:57:01', '2021-10-07 22:57:01', '  ', ''),
(403, 4, 'Marker pen', 'Active', '2021-10-07 22:57:01', '2021-10-07 22:57:01', '2021-10-07 22:57:01', '  ', ''),
(404, 4, 'Hand gloss', 'Active', '2021-10-07 22:57:01', '2021-10-07 22:57:01', '2021-10-07 22:57:01', '  ', ''),
(405, 4, 'Toothpick can', 'Active', '2021-10-07 22:57:01', '2021-10-07 22:57:01', '2021-10-07 22:57:01', ' ', ''),
(406, 4, 'Straw packet', 'Active', '2021-10-07 22:57:01', '2021-10-07 22:57:01', '2021-10-07 22:57:01', ' ', ''),
(407, 4, 'Soup spoon packet', 'Active', '2021-10-07 22:57:01', '2021-10-07 22:57:01', '2021-10-07 22:57:01', '  ', ''),
(408, 4, ' Thermocolglass', 'Active', '2021-10-07 22:57:01', '2021-10-07 22:57:01', '2021-10-07 22:57:01', '   ', ''),
(409, 4, 'Plastic spoon no', 'Active', '2021-10-07 22:57:01', '2021-10-07 22:57:01', '2021-10-07 22:57:01', '     ', ''),
(410, 4, 'Snack dish no', 'Active', '2021-10-07 22:57:01', '2021-10-07 22:57:01', '2021-10-07 22:57:01', '   ', ''),
(411, 4, 'Thermocol Dadia Nang', 'Active', '2021-10-07 22:57:01', '2021-10-07 22:57:01', '2021-10-07 22:57:01', '  ', ''),
(412, 4, 'Thermocoldish Nang', 'Active', '2021-10-07 22:57:01', '2021-10-07 22:57:01', '2021-10-07 22:57:01', '  ', ''),
(413, 4, 'Oatmeal sauce', 'Active', '2021-10-07 22:57:01', '2021-10-07 22:57:01', '2021-10-07 22:57:01', '  ', ''),
(414, 4, 'Dessert bowl', 'Active', '2021-10-07 22:57:01', '2021-10-07 22:57:01', '2021-10-07 22:57:01', '  ', ''),
(415, 4, 'Tea glass no', 'Active', '2021-10-07 22:57:01', '2021-10-07 22:57:01', '2021-10-07 22:57:01', '   ', ''),
(416, 4, 'The glass of Chhas', 'Active', '2021-10-07 22:57:01', '2021-10-07 22:57:01', '2021-10-07 22:57:01', '   ', ''),
(417, 4, 'Tuple paper napkins', 'Active', '2021-10-07 22:57:01', '2021-10-07 22:57:01', '2021-10-07 22:57:01', '         ', '');
INSERT INTO `items` (`id`, `item_category_id`, `english`, `status`, `status_at`, `created_at`, `updated_at`, `gujarati`, `hindi`) VALUES
(418, 4, ' Three plywood napkins', 'Active', '2021-10-07 22:57:01', '2021-10-07 22:57:01', '2021-10-07 22:57:01', '  ', ''),
(419, 4, 'Handgloss plastic', 'Active', '2021-10-07 22:57:01', '2021-10-07 22:57:01', '2021-10-07 22:57:01', '  ', ''),
(420, 4, 'Spoon of thorns', 'Active', '2021-10-07 22:57:01', '2021-10-07 22:57:01', '2021-10-07 22:57:01', '  ', ''),
(421, 4, 'Long stick', 'Active', '2021-10-07 22:57:01', '2021-10-07 22:57:01', '2021-10-07 22:57:01', '  ', ''),
(422, 6, 'Aluminum Tapela Nang', 'Active', '2021-10-07 22:57:01', '2021-10-07 22:57:01', '2021-10-07 22:57:01', '   ', ''),
(423, 6, 'Brass Tapelanang', 'Active', '2021-10-07 22:57:01', '2021-10-07 22:57:01', '2021-10-07 22:57:01', '  ', ''),
(424, 6, 'Cathrot Nang', 'Active', '2021-10-07 22:57:01', '2021-10-07 22:57:01', '2021-10-07 22:57:01', '  ', ''),
(425, 6, 'Kamandal', 'Active', '2021-10-07 22:57:01', '2021-10-07 22:57:01', '2021-10-07 22:57:01', ' ', ''),
(426, 6, 'Bowl', 'Active', '2021-10-07 22:57:01', '2021-10-07 22:57:01', '2021-10-07 22:57:01', ' ', ''),
(427, 6, 'Bucket', 'Active', '2021-10-07 22:57:01', '2021-10-07 22:57:01', '2021-10-07 22:57:01', ' ', ''),
(428, 6, 'Bhatiyan', 'Active', '2021-10-07 22:57:01', '2021-10-07 22:57:01', '2021-10-07 22:57:01', ' ', ''),
(429, 6, 'Spoon', 'Active', '2021-10-07 22:57:01', '2021-10-07 22:57:01', '2021-10-07 22:57:01', ' ', ''),
(430, 6, 'Doya', 'Active', '2021-10-07 22:57:01', '2021-10-07 22:57:01', '2021-10-07 22:57:01', ' ', ''),
(431, 6, 'Patli -Velan', 'Active', '2021-10-07 22:57:01', '2021-10-07 22:57:01', '2021-10-07 22:57:01', ' - ', ''),
(432, 6, 'Paddle', 'Active', '2021-10-07 22:57:01', '2021-10-07 22:57:01', '2021-10-07 22:57:01', ' ', ''),
(433, 6, 'Ransom', 'Active', '2021-10-07 22:57:01', '2021-10-07 22:57:01', '2021-10-07 22:57:01', ' - ', ''),
(434, 6, 'Pena', 'Active', '2021-10-07 22:57:01', '2021-10-07 22:57:01', '2021-10-07 22:57:01', '', ''),
(435, 6, 'Frying pan', 'Active', '2021-10-07 22:57:01', '2021-10-07 22:57:01', '2021-10-07 22:57:01', ' ', ''),
(436, 6, 'Disset', 'Active', '2021-10-07 22:57:01', '2021-10-07 22:57:01', '2021-10-07 22:57:01', ' ', ''),
(437, 6, 'Wadaki', 'Active', '2021-10-07 22:57:01', '2021-10-07 22:57:01', '2021-10-07 22:57:01', ' ', ''),
(438, 6, 'Spoon', 'Active', '2021-10-07 22:57:01', '2021-10-07 22:57:01', '2021-10-07 22:57:01', ' ', ''),
(439, 6, 'Westtub', 'Active', '2021-10-07 22:57:01', '2021-10-07 22:57:01', '2021-10-07 22:57:01', ' ', ''),
(440, 6, 'Steel jug', 'Active', '2021-10-07 22:57:01', '2021-10-07 22:57:01', '2021-10-07 22:57:01', '  ', ''),
(441, 6, 'Steel Pavali', 'Active', '2021-10-07 22:57:01', '2021-10-07 22:57:01', '2021-10-07 22:57:01', '    ', ''),
(442, 6, 'Aluminum Pavli', 'Active', '2021-10-07 22:57:01', '2021-10-07 22:57:01', '2021-10-07 22:57:01', '  ', ''),
(443, 6, 'Warmer', 'Active', '2021-10-07 22:57:01', '2021-10-07 22:57:01', '2021-10-07 22:57:01', ' ', ''),
(444, 6, 'Service Chipia', 'Active', '2021-10-07 22:57:01', '2021-10-07 22:57:01', '2021-10-07 22:57:01', '  ', ''),
(445, 6, 'Jalebi palm', 'Active', '2021-10-07 22:57:01', '2021-10-07 22:57:01', '2021-10-07 22:57:01', '  ', ''),
(446, 6, 'Steel', 'Active', '2021-10-07 22:57:01', '2021-10-07 22:57:01', '2021-10-07 22:57:01', ' ', ''),
(447, 6, 'Chinese cauldron', 'Active', '2021-10-07 22:57:01', '2021-10-07 22:57:01', '2021-10-07 22:57:01', '  ', ''),
(448, 6, 'Can', 'Active', '2021-10-07 22:57:01', '2021-10-07 22:57:01', '2021-10-07 22:57:01', ' ', ''),
(449, 6, 'Palta', 'Active', '2021-10-07 22:57:01', '2021-10-07 22:57:01', '2021-10-07 22:57:01', ' ', ''),
(450, 6, 'Chinese stoves', 'Active', '2021-10-07 22:57:01', '2021-10-07 22:57:01', '2021-10-07 22:57:01', '    ', ''),
(451, 6, 'Steel stove', 'Active', '2021-10-07 22:57:01', '2021-10-07 22:57:01', '2021-10-07 22:57:01', '  ', ''),
(452, 6, 'Steel griddle', 'Active', '2021-10-07 22:57:01', '2021-10-07 22:57:01', '2021-10-07 22:57:01', '  ', ''),
(453, 6, 'Iddanaovan', 'Active', '2021-10-07 22:57:01', '2021-10-07 22:57:01', '2021-10-07 22:57:01', ' ', ''),
(454, 6, 'Bread kiln', 'Active', '2021-10-07 22:57:01', '2021-10-07 22:57:01', '2021-10-07 22:57:01', '  ', ''),
(455, 6, 'Salad plate', 'Active', '2021-10-07 22:57:01', '2021-10-07 22:57:01', '2021-10-07 22:57:01', '  ', ''),
(456, 6, 'Sauce bowl', 'Active', '2021-10-07 22:57:01', '2021-10-07 22:57:01', '2021-10-07 22:57:01', '  ', ''),
(457, 6, 'Glass Naboul', 'Active', '2021-10-07 22:57:01', '2021-10-07 22:57:01', '2021-10-07 22:57:01', '  ', ''),
(458, 6, 'Brussels of glass', 'Active', '2021-10-07 22:57:01', '2021-10-07 22:57:01', '2021-10-07 22:57:01', '   ', ''),
(459, 6, 'Trough counter', 'Active', '2021-10-07 22:57:01', '2021-10-07 22:57:01', '2021-10-07 22:57:01', ' ', ''),
(460, 6, 'Pizza account', 'Active', '2021-10-07 22:57:01', '2021-10-07 22:57:01', '2021-10-07 22:57:01', ' ', ''),
(461, 6, 'Roti counter', 'Active', '2021-10-07 22:57:01', '2021-10-07 22:57:01', '2021-10-07 22:57:01', '', ''),
(462, 6, 'Nonstick pen', 'Active', '2021-10-07 22:57:01', '2021-10-07 22:57:01', '2021-10-07 22:57:01', '  ', ''),
(463, 6, 'Penfry', 'Active', '2021-10-07 22:57:01', '2021-10-07 22:57:01', '2021-10-07 22:57:01', ' ', ''),
(464, 6, 'Brick of glass', 'Active', '2021-10-07 22:57:01', '2021-10-07 22:57:01', '2021-10-07 22:57:01', '   ', ''),
(465, 6, 'Service tray', 'Active', '2021-10-07 22:57:01', '2021-10-07 22:57:01', '2021-10-07 22:57:01', '  ', ''),
(466, 6, 'Glass of juice', 'Active', '2021-10-07 22:57:01', '2021-10-07 22:57:01', '2021-10-07 22:57:01', '   ', ''),
(467, 6, 'Salad stand', 'Active', '2021-10-07 22:57:01', '2021-10-07 22:57:01', '2021-10-07 22:57:01', '  ', ''),
(468, 6, 'Nameboard stand', 'Active', '2021-10-07 22:57:01', '2021-10-07 22:57:01', '2021-10-07 22:57:01', '  ', ''),
(469, 6, 'Cheval Coconut Nang', 'Active', '2021-10-07 22:57:01', '2021-10-07 22:57:01', '2021-10-07 22:57:01', '   ', ''),
(470, 6, 'Rice plate', 'Active', '2021-10-07 22:57:01', '2021-10-07 22:57:01', '2021-10-07 22:57:01', '  ', ''),
(471, 6, 'Service Chipia', 'Active', '2021-10-07 22:57:01', '2021-10-07 22:57:01', '2021-10-07 22:57:01', '  ', ''),
(472, 6, 'Gravy machine', 'Active', '2021-10-07 22:57:01', '2021-10-07 22:57:01', '2021-10-07 22:57:01', ' ', ''),
(473, 6, 'Yam slicer', 'Active', '2021-10-07 22:57:01', '2021-10-07 22:57:01', '2021-10-07 22:57:01', '  ', ''),
(474, 6, 'Cutting machine', 'Active', '2021-10-07 22:57:01', '2021-10-07 22:57:01', '2021-10-07 22:57:01', '  ', ''),
(475, 6, 'Tavetha', 'Active', '2021-10-07 22:57:01', '2021-10-07 22:57:01', '2021-10-07 22:57:01', ' ', ''),
(476, 6, 'Zara', 'Active', '2021-10-07 22:57:01', '2021-10-07 22:57:01', '2021-10-07 22:57:01', ' ', ''),
(477, 6, 'Sandwich machine', 'Active', '2021-10-07 22:57:01', '2021-10-07 22:57:01', '2021-10-07 22:57:01', '  ', ''),
(478, 6, 'Pizza oven', 'Active', '2021-10-07 22:57:01', '2021-10-07 22:57:01', '2021-10-07 22:57:01', ' ', ''),
(479, 6, 'Tikka fireplace', 'Active', '2021-10-07 22:57:01', '2021-10-07 22:57:01', '2021-10-07 22:57:01', '  ', ''),
(480, 6, 'Dessert outpost', 'Active', '2021-10-07 22:57:01', '2021-10-07 22:57:01', '2021-10-07 22:57:01', ' ', ''),
(481, 6, 'Puri Live Stoves', 'Active', '2021-10-07 22:57:01', '2021-10-07 22:57:01', '2021-10-07 22:57:01', '   ', ''),
(482, 6, 'FarsanLive stoves', 'Active', '2021-10-07 22:57:01', '2021-10-07 22:57:01', '2021-10-07 22:57:01', ' ', ''),
(483, 6, 'Chhina', 'Active', '2021-10-07 22:57:01', '2021-10-07 22:57:01', '2021-10-07 22:57:01', '', ''),
(484, 6, 'Alutikki counter', 'Active', '2021-10-07 22:57:01', '2021-10-07 22:57:01', '2021-10-07 22:57:01', ' ', ''),
(485, 6, 'Induction stove', 'Active', '2021-10-07 22:57:01', '2021-10-07 22:57:01', '2021-10-07 22:57:01', '  ', ''),
(486, 6, 'Bread ovens', 'Active', '2021-10-07 22:57:01', '2021-10-07 22:57:01', '2021-10-07 22:57:01', '  ', ''),
(487, 6, 'Quarterplate', 'Active', '2021-10-07 22:57:01', '2021-10-07 22:57:01', '2021-10-07 22:57:01', ' ', ''),
(488, 6, 'Soup bowl', 'Active', '2021-10-07 22:57:01', '2021-10-07 22:57:01', '2021-10-07 22:57:01', '  ', ''),
(489, 6, 'Pinipuri plate', 'Active', '2021-10-07 22:57:01', '2021-10-07 22:57:01', '2021-10-07 22:57:01', '  ', ''),
(490, 6, 'Butter Knife', 'Active', '2021-10-07 22:57:01', '2021-10-07 22:57:01', '2021-10-07 22:57:01', '  ', ''),
(491, 6, 'Potato peel paddle', 'Active', '2021-10-07 22:57:01', '2021-10-07 22:57:01', '2021-10-07 22:57:01', '   ', ''),
(492, 6, 'Matka Dalraisna', 'Active', '2021-10-07 22:57:01', '2021-10-07 22:57:01', '2021-10-07 22:57:01', '  ', ''),
(493, 6, 'For bucket bumps', 'Active', '2021-10-07 22:57:01', '2021-10-07 22:57:01', '2021-10-07 22:57:01', '   ', ''),
(494, 6, 'Paneer vegetable bowl', 'Active', '2021-10-07 22:57:01', '2021-10-07 22:57:01', '2021-10-07 22:57:01', '  ', ''),
(495, 6, 'Sizzler plate', 'Active', '2021-10-07 22:57:01', '2021-10-07 22:57:01', '2021-10-07 22:57:01', '  ', ''),
(496, 6, 'Sizzler stove', 'Active', '2021-10-07 22:57:01', '2021-10-07 22:57:01', '2021-10-07 22:57:01', '  ', ''),
(497, 6, 'Ghebar true', 'Active', '2021-10-07 22:57:01', '2021-10-07 22:57:01', '2021-10-07 22:57:01', '  ', ''),
(498, 6, 'Live vegetable counter', 'Active', '2021-10-07 22:57:01', '2021-10-07 22:57:01', '2021-10-07 22:57:01', '   ', ''),
(499, 6, 'Live Sweetcounter', 'Active', '2021-10-07 22:57:01', '2021-10-07 22:57:01', '2021-10-07 22:57:01', ' ', ''),
(500, 6, 'Small bottle of gas', 'Active', '2021-10-07 22:57:01', '2021-10-07 22:57:01', '2021-10-07 22:57:01', '  ', ''),
(501, 6, 'Gas bottle', 'Active', '2021-10-07 22:57:01', '2021-10-07 22:57:01', '2021-10-07 22:57:01', '  ', ''),
(502, 6, 'Pav Bhaji Pressure', 'Active', '2021-10-07 22:57:01', '2021-10-07 22:57:01', '2021-10-07 22:57:01', '  ', ''),
(503, 6, 'Iron scraper', 'Active', '2021-10-07 22:57:01', '2021-10-07 22:57:01', '2021-10-07 22:57:01', '  ', ''),
(504, 6, 'Cutting thin', 'Active', '2021-10-07 22:57:01', '2021-10-07 22:57:01', '2021-10-07 22:57:01', '  ', ''),
(505, 6, 'Cutting paddle', 'Active', '2021-10-07 22:57:01', '2021-10-07 22:57:01', '2021-10-07 22:57:01', '  ', ''),
(506, 6, 'Pizzacter', 'Active', '2021-10-07 22:57:01', '2021-10-07 22:57:01', '2021-10-07 22:57:01', '  ', ''),
(507, 6, 'Gas stove', 'Active', '2021-10-07 22:57:01', '2021-10-07 22:57:01', '2021-10-07 22:57:01', '  ', ''),
(508, 6, 'Twenty five pages', 'Active', '2021-10-07 22:57:01', '2021-10-07 22:57:01', '2021-10-07 22:57:01', ' ', ''),
(509, 6, 'Gas pipe', 'Active', '2021-10-07 22:57:01', '2021-10-07 22:57:01', '2021-10-07 22:57:01', '  ', ''),
(510, 6, 'Kettle of tea', 'Active', '2021-10-07 22:57:01', '2021-10-07 22:57:01', '2021-10-07 22:57:01', '   ', ''),
(511, 6, 'Cutless Biba', 'Active', '2021-10-07 22:57:01', '2021-10-07 22:57:01', '2021-10-07 22:57:01', '  ', ''),
(512, 6, 'Trough bowl', 'Active', '2021-10-07 22:57:01', '2021-10-07 22:57:01', '2021-10-07 22:57:01', '  ', ''),
(513, 6, 'Twister machine', 'Active', '2021-10-07 22:57:01', '2021-10-07 22:57:01', '2021-10-07 22:57:01', '  ', ''),
(514, 6, 'Tea leaves', 'Active', '2021-10-07 22:57:01', '2021-10-07 22:57:01', '2021-10-07 22:57:01', '   ', ''),
(515, 6, 'Cabbage Grinding Machine', 'Active', '2021-10-07 22:57:01', '2021-10-07 22:57:01', '2021-10-07 22:57:01', '      ', ''),
(516, 6, 'Trolley', 'Active', '2021-10-07 22:57:01', '2021-10-07 22:57:01', '2021-10-07 22:57:01', ' ', ''),
(517, 6, 'Spice box', 'Active', '2021-10-07 22:57:01', '2021-10-07 22:57:01', '2021-10-07 22:57:01', '  ', ''),
(518, 3, 'Cheese', 'Active', '2021-10-07 22:57:01', '2021-10-07 22:57:01', '2021-10-07 22:57:01', ' ', ''),
(519, 3, 'Cats', 'Active', '2021-10-07 22:57:01', '2021-10-07 22:57:01', '2021-10-07 22:57:01', ' ', ''),
(520, 3, 'Cheese', 'Active', '2021-10-07 22:57:01', '2021-10-07 22:57:01', '2021-10-07 22:57:01', ' ', ''),
(521, 3, 'Cream cheese', 'Active', '2021-10-07 22:57:01', '2021-10-07 22:57:01', '2021-10-07 22:57:01', ' ', ''),
(522, 3, 'Punjabi Yogurt', 'Active', '2021-10-07 22:57:01', '2021-10-07 22:57:01', '2021-10-07 22:57:01', '   ', ''),
(523, 3, 'Butter', 'Active', '2021-10-07 22:57:01', '2021-10-07 22:57:01', '2021-10-07 22:57:01', ' ', ''),
(524, 3, 'White butter', 'Active', '2021-10-07 22:57:01', '2021-10-07 22:57:01', '2021-10-07 22:57:01', '  ', ''),
(525, 3, 'Chhas bundles', 'Active', '2021-10-07 22:57:01', '2021-10-07 22:57:01', '2021-10-07 22:57:01', '  ', ''),
(526, 3, 'Liters of milk', 'Active', '2021-10-07 22:57:01', '2021-10-07 22:57:01', '2021-10-07 22:57:01', '  ', ''),
(527, 3, 'Ghee', 'Active', '2021-10-07 22:57:01', '2021-10-07 22:57:01', '2021-10-07 22:57:01', '     ', ''),
(528, 3, 'Cream', 'Active', '2021-10-07 22:57:01', '2021-10-07 22:57:01', '2021-10-07 22:57:01', ' ', ''),
(529, 3, 'Crisp for Tikka', 'Active', '2021-10-07 22:57:01', '2021-10-07 22:57:01', '2021-10-07 22:57:01', '  ', ''),
(530, 3, 'Parmesan cheese', 'Active', '2021-10-07 22:57:01', '2021-10-07 22:57:01', '2021-10-07 22:57:01', ' ', ''),
(531, 3, 'Cow\'s milk', 'Active', '2021-10-07 22:57:01', '2021-10-07 22:57:01', '2021-10-07 22:57:01', '   ', ''),
(532, 3, 'Cream', 'Active', '2021-10-07 22:59:20', '2021-10-07 22:57:01', '2021-10-07 22:57:01', ' ', ''),
(533, 1, 'variyali', 'Active', '2021-10-13 08:34:00', '2021-10-13 08:34:00', '2021-10-13 08:34:00', '', NULL),
(534, 1, 'faluda Sav ', 'Active', '2021-10-13 08:38:07', '2021-10-13 08:38:07', '2021-10-13 08:38:07', ' ', NULL),
(535, 1, 'roj syrup', 'Active', '2021-10-13 08:38:07', '2021-10-13 08:38:07', '2021-10-13 08:38:07', ' ', NULL),
(536, 5, 'panipuri', 'Active', '2021-10-13 08:41:01', '2021-10-13 08:41:01', '2021-10-13 08:41:20', '', NULL),
(537, 5, 'Water bottle ', 'Active', '2021-10-13 08:41:01', '2021-10-13 08:41:01', '2021-10-13 08:41:01', ' ', NULL),
(538, 5, 'Water carba', 'Active', '2021-10-13 08:41:01', '2021-10-13 08:41:01', '2021-10-13 08:41:01', ' ', NULL),
(539, 2, 'Methini bhaji', 'Active', '2021-10-13 08:42:06', '2021-10-13 08:42:06', '2021-10-13 08:42:06', ' ', NULL),
(540, 2, 'green onion', 'Active', '2021-10-13 08:43:35', '2021-10-13 08:43:35', '2021-10-13 13:45:21', ' ', NULL),
(541, 5, 'Orio', 'Active', '2021-10-18 21:23:09', '2021-10-18 21:23:09', '2021-10-18 21:23:09', '', NULL),
(542, 5, 'Nutella', 'Active', '2021-10-18 21:24:05', '2021-10-18 21:24:05', '2021-10-18 21:24:05', '', NULL),
(543, 1, 'Spegati', 'Active', '2021-10-18 21:24:36', '2021-10-18 21:24:36', '2021-10-18 21:24:36', '', NULL),
(544, 3, 'Cheese slice', 'Active', '2021-10-18 21:24:52', '2021-10-18 21:24:52', '2021-10-18 21:24:52', ' ', NULL),
(545, 1, 'Peanut butter', 'Active', '2021-10-18 21:40:25', '2021-10-18 21:40:25', '2021-10-18 21:40:25', ' ', NULL),
(546, 5, 'Rasgulla', 'Active', '2021-10-20 23:57:43', '2021-10-20 23:57:43', '2021-10-20 23:57:43', '', NULL),
(547, 1, 'Monaco biscuit', 'Active', '2021-10-21 00:00:11', '2021-10-21 00:00:11', '2021-10-21 00:00:11', ' ', NULL),
(548, 1, 'Parle biscuit', 'Active', '2021-10-21 00:00:11', '2021-10-21 00:00:11', '2021-10-21 00:00:11', ' ', NULL),
(549, 1, 'Padvali biscuit', 'Active', '2021-10-21 00:00:11', '2021-10-21 00:00:11', '2021-10-21 00:00:11', ' ', NULL),
(550, 1, 'Black pipar souce', 'Active', '2021-10-21 00:00:11', '2021-10-21 00:00:11', '2021-10-21 00:00:11', '  ', NULL),
(551, 1, 'Hosion souce', 'Active', '2021-10-21 00:00:11', '2021-10-21 00:00:11', '2021-10-21 00:00:11', ' ', NULL);

-- --------------------------------------------------------

--
-- Table structure for table `items_categories`
--

CREATE TABLE `items_categories` (
  `id` int(20) NOT NULL,
  `english` varchar(255) COLLATE utf8_unicode_ci NOT NULL,
  `status` enum('Active','Inactive') COLLATE utf8_unicode_ci NOT NULL DEFAULT 'Active',
  `status_at` datetime DEFAULT NULL,
  `created_at` datetime DEFAULT NULL,
  `updated_at` datetime DEFAULT NULL,
  `gujarati` varchar(255) COLLATE utf8_unicode_ci DEFAULT NULL,
  `hindi` varchar(255) COLLATE utf8_unicode_ci DEFAULT NULL
) ENGINE=InnoDB DEFAULT CHARSET=utf8 COLLATE=utf8_unicode_ci;

--
-- Dumping data for table `items_categories`
--

INSERT INTO `items_categories` (`id`, `english`, `status`, `status_at`, `created_at`, `updated_at`, `gujarati`, `hindi`) VALUES
(1, 'Groceries', 'Active', '2021-08-11 22:16:17', '2021-08-11 22:15:53', '2021-08-11 22:15:53', '', ''),
(2, 'Vegetables', 'Active', '2021-09-11 23:20:39', '2021-08-11 22:16:53', '2021-08-11 22:16:53', '', ''),
(3, 'Dairy', 'Active', '2021-09-11 23:18:09', '2021-08-12 22:27:20', '2021-08-16 22:06:05', '', ''),
(4, 'Papernepkin', 'Active', '2021-09-13 21:00:32', '2021-09-13 20:51:33', '2021-09-13 20:51:33', '', ''),
(5, 'Order', 'Active', '2021-09-13 21:01:53', '2021-09-13 21:01:53', '2021-09-13 21:01:53', '', ''),
(6, 'Kitchenware', 'Active', '2021-09-13 21:05:45', '2021-09-13 21:05:45', '2021-09-13 21:05:45', '', ''),
(7, 'General masala', 'Active', '2021-10-10 09:40:22', '2021-10-10 09:40:22', '2021-10-13 08:32:24', '  ', NULL);

-- --------------------------------------------------------

--
-- Table structure for table `langs`
--

CREATE TABLE `langs` (
  `id` int(20) NOT NULL,
  `lang_key` varchar(200) COLLATE utf8_unicode_ci NOT NULL,
  `type` enum('other','country','state','district','city','village','religion','group_name') COLLATE utf8_unicode_ci DEFAULT NULL,
  `english` text COLLATE utf8_unicode_ci,
  `gujarati` text COLLATE utf8_unicode_ci,
  `hindi` text COLLATE utf8_unicode_ci
) ENGINE=InnoDB DEFAULT CHARSET=utf8 COLLATE=utf8_unicode_ci;

-- --------------------------------------------------------

--
-- Table structure for table `menu`
--

CREATE TABLE `menu` (
  `id` int(20) NOT NULL,
  `menu_category_id` int(20) NOT NULL,
  `english` varchar(255) COLLATE utf8_unicode_ci NOT NULL,
  `image` varchar(200) COLLATE utf8_unicode_ci DEFAULT NULL,
  `status` enum('Active','Inactive') COLLATE utf8_unicode_ci NOT NULL DEFAULT 'Active',
  `status_at` datetime DEFAULT NULL,
  `created_at` datetime DEFAULT NULL,
  `updated_at` datetime DEFAULT NULL,
  `gujarati` varchar(255) COLLATE utf8_unicode_ci DEFAULT NULL,
  `hindi` varchar(255) COLLATE utf8_unicode_ci DEFAULT NULL,
  `items` text COLLATE utf8_unicode_ci NOT NULL,
  `description_english` text COLLATE utf8_unicode_ci NOT NULL,
  `description_gujarati` text COLLATE utf8_unicode_ci NOT NULL,
  `description_hindi` text COLLATE utf8_unicode_ci NOT NULL
) ENGINE=InnoDB DEFAULT CHARSET=utf8 COLLATE=utf8_unicode_ci;

--
-- Dumping data for table `menu`
--

INSERT INTO `menu` (`id`, `menu_category_id`, `english`, `image`, `status`, `status_at`, `created_at`, `updated_at`, `gujarati`, `hindi`, `items`, `description_english`, `description_gujarati`, `description_hindi`) VALUES
(1, 14, 'dal', NULL, 'Active', '2021-10-09 23:06:54', '2021-10-09 23:06:54', '2021-10-09 23:06:54', '', NULL, '38,39,40,41,42', '', '', ''),
(2, 1, 'ringan bataka', 'menu_2_1634480765.jpg', 'Active', '2021-10-10 10:19:49', '2021-10-10 10:19:49', '2021-10-17 19:56:05', '', NULL, '308,311,316,318', '', '', ''),
(3, 1, 'panchkutiyu', NULL, 'Active', '2021-10-10 10:33:10', '2021-10-10 10:33:10', '2021-10-14 09:06:19', '', NULL, '41,73,308,311,312,313,314,316,318', '', '', ''),
(4, 1, 'Undhiyu', NULL, 'Active', '2021-10-10 10:43:19', '2021-10-10 10:43:19', '2021-10-14 09:07:00', '', NULL, '41,73,74,310,311,313,314,318', '', '', ''),
(5, 1, 'ringan bharthu', NULL, 'Active', '2021-10-10 10:43:19', '2021-10-10 10:43:19', '2021-10-14 09:06:40', '', NULL, '309,316,317,318,319', '', '', ''),
(6, 1, 'lilva', NULL, 'Active', '2021-10-10 22:05:35', '2021-10-10 22:05:35', '2021-10-10 22:05:35', '', NULL, '22,23,89,318,378,384', '', '', ''),
(7, 1, 'turiyapatra', NULL, 'Active', '2021-10-10 22:05:35', '2021-10-10 22:05:35', '2021-10-10 22:05:35', '', NULL, '318,327,247', '', '', ''),
(8, 14, 'bhaat', NULL, 'Active', '2021-10-10 22:08:42', '2021-10-10 22:08:42', '2021-10-14 10:10:51', '', NULL, '60,527', '', '', ''),
(9, 12, 'paneer chilli roll', NULL, 'Active', '2021-10-10 22:17:28', '2021-10-10 22:17:28', '2021-10-14 10:08:34', '', NULL, '47,48,50,62,63,64,65,71,72,163,316,329,330,331,336,337,341,232,520', '', '', ''),
(10, 15, 'fruit punch', NULL, 'Active', '2021-10-10 22:26:40', '2021-10-10 22:26:40', '2021-10-14 10:13:53', '', NULL, '51,114,133,165,348,353,375,376,397,398,406', '', '', ''),
(11, 6, 'green asian soup', NULL, 'Active', '2021-10-10 22:47:19', '2021-10-10 22:47:19', '2021-10-14 09:14:21', '', NULL, '50,64,65,66,69,70,71,72,329,330,331,332,339,341,342,378,407,488,523,528', '', '', ''),
(12, 6, 'khawse soup', NULL, 'Active', '2021-10-10 22:47:19', '2021-10-10 22:47:19', '2021-10-14 09:16:35', '', NULL, '50,62,65,90,143,145,146,153,317,319,329,330,331,407,488,523,526,528', '', '', ''),
(13, 9, 'cheese ball with muhroom', NULL, 'Active', '2021-10-10 22:55:51', '2021-10-10 22:55:51', '2021-10-14 10:05:02', '', NULL, '163,368,405,518,520', '', '', ''),
(14, 9, 'paneer kurkure', NULL, 'Active', '2021-10-10 23:25:46', '2021-10-10 23:25:46', '2021-10-14 10:05:22', '', NULL, '47,50,62,91,114,138,160,163,421,520', '', '', ''),
(15, 9, 'cheese bollwith jelipino', NULL, 'Active', '2021-10-10 23:35:07', '2021-10-10 23:35:07', '2021-10-14 10:04:42', '', NULL, '50,69,70,114,163,171,405', '', '', ''),
(16, 10, 'live ghevar', NULL, 'Active', '2021-10-10 23:41:36', '2021-10-10 23:41:36', '2021-10-14 10:06:58', '', NULL, '25,27,28,29,47,48,147,228,527', '', '', ''),
(17, 10, 'ras malai', NULL, 'Active', '2021-10-10 23:44:19', '2021-10-10 23:44:19', '2021-10-14 10:07:20', '', NULL, '266', '', '', ''),
(18, 4, 'cheese paneer angoori', 'menu_18_1634310554.jpg', 'Active', '2021-10-10 23:51:38', '2021-10-10 23:51:38', '2021-10-15 20:39:14', '', NULL, '50,100,101,102,103,104,105,106,108,109,110,111,316,317,319,518,521,523,528', '', '', ''),
(19, 4, 'cheese paneer masala', 'menu_19_1634310380.jpg', 'Active', '2021-10-10 23:56:52', '2021-10-10 23:56:52', '2021-10-19 23:43:38', '', NULL, '100,103,104,105,106,108,109,110,111,316,317,319,518,521,523,528', '', '', ''),
(20, 14, 'puri', NULL, 'Active', '2021-10-11 00:01:15', '2021-10-11 00:01:15', '2021-10-14 10:14:29', '', NULL, '46,47', '', '', ''),
(21, 14, 'rotli', NULL, 'Active', '2021-10-11 00:01:15', '2021-10-11 00:01:15', '2021-10-14 10:14:11', '', NULL, '46,527', '', '', ''),
(22, 12, 'dil se', NULL, 'Active', '2021-10-11 00:10:57', '2021-10-11 00:10:57', '2021-10-14 10:08:11', '', NULL, '18,47,48,62,65,67,69,70,73,86,100,114,161,318,320,329,330,331,335,341,342', '', '', ''),
(23, 16, 'dal tadka', 'menu_23_1634315965.png', 'Active', '2021-10-11 00:18:41', '2021-10-11 00:18:41', '2021-10-15 22:09:25', '', NULL, '37,38,101,102,316,317,319,527', '', '', ''),
(24, 16, 'jeera rice', 'menu_24_1634316139.png', 'Active', '2021-10-11 00:18:41', '2021-10-11 00:18:41', '2021-10-15 22:12:19', '', NULL, '59,75,101,102,527', '', '', ''),
(25, 14, 'papad', NULL, 'Active', '2021-10-11 00:20:52', '2021-10-11 00:20:52', '2021-10-14 10:15:23', '', NULL, '138', '', '', ''),
(26, 5, 'green salad', NULL, 'Active', '2021-10-11 00:28:03', '2021-10-11 00:28:03', '2021-10-14 09:11:43', '', NULL, '316,317,342,343,344,345', '', '', ''),
(27, 5, 'mexican salad', NULL, 'Active', '2021-10-11 00:28:03', '2021-10-11 00:28:03', '2021-10-14 09:11:08', '', NULL, '45,69,70,71,72,86,114,329,330,331,335,371', '', '', ''),
(28, 5, 'keri nu athanu', NULL, 'Active', '2021-10-11 00:32:18', '2021-10-11 00:32:18', '2021-10-14 09:11:24', '', NULL, '180,346', '', '', ''),
(29, 14, 'janrel masala', NULL, 'Active', '2021-10-11 08:03:22', '2021-10-11 08:03:22', '2021-10-14 10:11:11', '', NULL, '1,2,3,4,5,6,8,9,10,11,12,13,14,15,16,17,18,118,119,120,121,122,123,318,320,321,322,323,324,377,399,400,401,402,403,404,409,417,418,419', '', '', ''),
(30, 14, 'methiya marcha', NULL, 'Active', '2021-10-11 08:07:36', '2021-10-11 08:07:36', '2021-10-14 10:15:05', '', NULL, '157,158,374', '', '', ''),
(31, 10, 'lapsi kesariya', NULL, 'Active', '2021-10-11 21:12:51', '2021-10-11 21:12:51', '2021-10-14 10:06:22', '', NULL, '13,22,23,24,28,29,32,101,102', '', '', ''),
(32, 12, 'kela methi bhajiya', NULL, 'Active', '2021-10-11 21:18:32', '2021-10-11 21:18:32', '2021-10-14 10:07:54', '', NULL, '19,20,48,357,539', '', '', ''),
(33, 5, 'raytu', NULL, 'Active', '2021-10-11 21:22:01', '2021-10-11 21:22:01', '2021-10-14 09:12:48', '', NULL, '157,343,352,522', '', '', ''),
(34, 4, 'pavbhaji', 'menu_34_1634311962.jpg', 'Active', '2021-10-11 22:21:02', '2021-10-11 22:21:02', '2021-10-15 21:02:42', '', NULL, '98,100,311,312,316,317,319,329,242,523', '', '', ''),
(35, 16, 'tawa pulov', NULL, 'Active', '2021-10-11 22:25:13', '2021-10-11 22:25:13', '2021-10-14 10:12:22', '', NULL, '99,178,312,316,317,329,342,363,364', '', '', ''),
(36, 12, 'paneer lifafa', NULL, 'Active', '2021-10-11 22:41:13', '2021-10-11 22:41:13', '2021-10-14 10:08:52', '', NULL, '48,62,63,65,67,311,312,318,329,341,342,231,520', '', '', ''),
(37, 12, 'kutles', NULL, 'Active', '2021-10-11 22:48:58', '2021-10-11 22:48:58', '2021-10-14 10:09:41', '', NULL, '17,50,51,68,311,312,342,364,238,298,511', '', '', ''),
(38, 5, 'papad papdi', NULL, 'Active', '2021-10-11 22:51:10', '2021-10-11 22:51:10', '2021-10-14 23:41:17', '', NULL, '138', '', '', ''),
(39, 14, 'kadhi', NULL, 'Active', '2021-10-11 22:54:43', '2021-10-11 22:54:43', '2021-10-14 10:11:30', '', NULL, '28,48,101,102,326,522,527', '', '', ''),
(40, 14, 'lachakodal', NULL, 'Active', '2021-10-11 22:57:22', '2021-10-11 22:57:22', '2021-10-14 10:11:46', '', NULL, '38,527', '', '', ''),
(41, 14, 'pulov', NULL, 'Active', '2021-10-11 23:00:23', '2021-10-11 23:00:23', '2021-10-14 10:14:47', '', NULL, '22,23,59,75,101,102,312,329,342,364,527', '', '', ''),
(42, 16, 'dal fry', NULL, 'Active', '2021-10-11 23:06:53', '2021-10-11 23:06:53', '2021-10-14 10:13:35', '', NULL, '33,37,38,43,100,101,102,316,317', '', '', ''),
(43, 4, 'paneer tikka masala', 'menu_43_1634311782.jpg', 'Active', '2021-10-11 23:12:14', '2021-10-11 23:12:14', '2021-10-15 20:59:42', '', NULL, '75,91,100,101,102,103,104,105,106,108,109,110,111,153,316,317,319,329,520,523,528', '', '', ''),
(44, 16, 'veg.biriyani', NULL, 'Active', '2021-10-11 23:19:20', '2021-10-11 23:19:20', '2021-10-14 10:12:04', '', NULL, '22,23,59,75,99,101,102,311,312,316,317,319,329,342,363,364', '', '', ''),
(45, 16, 'hydrabadi biriyani', 'menu_45_1634316284.png', 'Active', '2021-10-11 23:24:45', '2021-10-11 23:24:45', '2021-10-15 22:14:44', '', NULL, '59,75,92,99,100,101,102,111,312,316,317,319,329,363,364,378', '', '', ''),
(46, 12, 'ratalupuri', NULL, 'Active', '2021-10-11 23:33:29', '2021-10-11 23:33:29', '2021-10-14 10:10:33', '', NULL, '19,21,48,315,473', '', '', ''),
(47, 3, 'pizza', NULL, 'Active', '2021-10-12 07:54:34', '2021-10-12 07:54:34', '2021-10-14 09:09:20', '', NULL, '62,65,69,70,71,72,76,77,78,86,153,163,171,179,316,317,329,330,331,335,336,337,368,369,371,380,234,519,523', '', '', ''),
(48, 3, 'pasta', NULL, 'Active', '2021-10-12 07:54:34', '2021-10-12 07:54:34', '2021-10-14 09:08:42', '', NULL, '47,50,62,65,70,71,72,76,77,86,153,163,171,179,190,191,192,316,319,329,330,331,335,336,337,368,369,380', '', '', ''),
(49, 3, 'garlic bread', NULL, 'Active', '2021-10-12 07:59:22', '2021-10-12 07:59:22', '2021-10-14 09:08:22', '', NULL, '86,179,366,235,518,523', '', '', ''),
(50, 2, 'mexican roll', NULL, 'Active', '2021-10-12 08:05:26', '2021-10-12 08:05:26', '2021-10-14 09:07:38', '', NULL, '45,48,62,69,70,71,72,86,163,329,330,331,335,371,232,518,523', '', '', ''),
(51, 10, 'sitafal rabdi', NULL, 'Active', '2021-10-12 08:13:21', '2021-10-12 08:13:21', '2021-10-14 10:07:36', '', NULL, '147,165,253,526', '', '', ''),
(52, 10, 'dryfruit rabdi', NULL, 'Active', '2021-10-12 08:13:21', '2021-10-12 08:13:21', '2021-10-14 10:06:39', '', NULL, '25,27,28,29,147,165,526', '', '', ''),
(53, 10, 'anjeer rabdi', NULL, 'Active', '2021-10-12 08:13:21', '2021-10-12 08:13:21', '2021-10-14 10:06:04', '', NULL, '30,147,165,526', '', '', ''),
(54, 3, 'cenelloni', NULL, 'Active', '2021-10-12 08:22:37', '2021-10-12 08:22:37', '2021-10-14 09:07:56', '', NULL, '47,62,65,69,70,71,72,76,77,153,163,179,316,329,330,331,336,337,369,371,378,380,259,518,523,526', '', '', ''),
(55, 6, 'manchow soup', NULL, 'Active', '2021-10-12 08:33:50', '2021-10-12 08:33:50', '2021-10-14 10:10:07', '', NULL, '50,61,62,63,64,65,91,319,329,330,331,341,342,364,368', '', '', ''),
(56, 6, 'cheese corn tomato soup', NULL, 'Active', '2021-10-12 08:33:50', '2021-10-12 08:33:50', '2021-10-14 09:12:24', '', NULL, '47,165,316,371,518,523', '', '', ''),
(57, 6, 'green asion soup', NULL, 'Active', '2021-10-12 08:41:01', '2021-10-12 08:41:01', '2021-10-14 09:14:59', '', NULL, '50,64,65,66,69,70,71,72,318,319,329,330,331,332,333,334,342,364,368,378', '', '', ''),
(58, 2, 'mexican rice', NULL, 'Active', '2021-10-12 08:49:32', '2021-10-12 08:49:32', '2021-10-14 09:07:16', '', NULL, '45,59,62,65,69,70,71,72,86,89,165,186,187,213,329,330,331,520,523', '', '', ''),
(59, 1, 'dudhi chana', NULL, 'Active', '2021-10-12 08:54:17', '2021-10-12 08:54:17', '2021-10-14 09:05:59', '', NULL, '37,318,319,381', '', '', ''),
(60, 1, 'bhinda sambhariya', 'menu_60_1634480454.jpg', 'Active', '2021-10-12 08:59:18', '2021-10-12 08:59:18', '2021-10-17 19:50:54', '', NULL, '41,73,74,329,362', '', '', ''),
(61, 1, 'bataka capsicum', NULL, 'Active', '2021-10-12 08:59:18', '2021-10-12 08:59:18', '2021-10-14 09:05:40', '', NULL, '17,22,23,73,74,311,329', '', '', ''),
(62, 13, 'manchurian', NULL, 'Active', '2021-10-13 14:17:15', '2021-10-13 14:17:15', '2021-10-16 20:26:57', '', NULL, '47,50,62,63,64,65,317,319,329,341,540,411,420,474,483,515', '', '', ''),
(63, 13, 'paneer chilli', NULL, 'Active', '2021-10-12 09:07:46', '2021-10-12 09:07:46', '2021-10-13 14:18:11', '', NULL, '47,50,62,65,86,91,163,317,319,329,330,331,540,411,420', '', '', ''),
(64, 12, 'locho', NULL, 'Active', '2021-10-12 09:14:03', '2021-10-12 09:14:03', '2021-10-14 10:09:17', '', NULL, '35,36,37,68,409,412,453', '', '', ''),
(65, 8, 'chinese sizller', NULL, 'Active', '2021-10-12 09:58:53', '2021-10-12 09:58:53', '2021-10-14 10:05:42', '', NULL, '59,61,62,65,69,70,71,72,153,163,179,316,317,319,329,330,331,332,333,334,335,336,337,338,341,342,364,368,369,380,495,496,520,523', '', '', ''),
(66, 10, 'moogdal siro', NULL, 'Active', '2021-10-12 10:05:46', '2021-10-12 10:05:46', '2021-10-12 23:53:12', '', NULL, '13,22,23,25,27,28,29,33,526,527', '', '', ''),
(67, 10, 'akhrot halvo', NULL, 'Active', '2021-10-12 10:05:46', '2021-10-12 10:05:46', '2021-10-12 23:53:30', '', NULL, '22,23,25,27,31,228,527', '', '', ''),
(68, 10, 'kaju badam halvo', NULL, 'Active', '2021-10-12 10:15:28', '2021-10-12 10:15:28', '2021-10-12 23:53:46', '', NULL, '22,24,25,27,228,527', '', '', ''),
(69, 10, 'anjeer halvo', NULL, 'Active', '2021-10-12 10:15:28', '2021-10-12 10:15:28', '2021-10-12 23:54:05', '', NULL, '22,24,25,28,30,228,527', '', '', ''),
(70, 4, 'chole masala black', 'menu_70_1634316483.jpeg', 'Active', '2021-10-12 11:21:30', '2021-10-12 11:21:30', '2021-10-15 22:18:03', '', NULL, '75,79,80,82,83,97,103,104,165,311,316,317,319', '', '', ''),
(71, 4, 'chole masala red', 'menu_71_1634311083.jpg', 'Active', '2021-10-12 11:21:30', '2021-10-12 11:21:30', '2021-10-15 20:48:03', '', NULL, '75,79,80,97,103,104,108,109,110,111,316,317,319', '', '', ''),
(72, 5, 'gajar marcha athanu', NULL, 'Active', '2021-10-12 11:32:38', '2021-10-12 11:32:38', '2021-10-12 23:52:51', '', NULL, '157,158,159,180,342,374', '', '', ''),
(73, 16, 'aumrutari kulcha', NULL, 'Active', '2021-10-12 11:44:28', '2021-10-12 11:44:28', '2021-10-12 23:52:20', '', NULL, '46,47,165,195,311,258,520,522,523,526', '', '', ''),
(74, 22, 'laccha paratha', NULL, 'Active', '2021-10-17 14:07:43', '2021-10-17 14:07:43', '2021-10-17 14:07:43', '', NULL, '46,47,195,258,522,523,526,527', '', '', ''),
(75, 5, 'panjabi raytu', NULL, 'Active', '2021-10-12 11:50:08', '2021-10-12 11:50:08', '2021-10-12 23:51:39', '', NULL, '89,316,317,329,343,377,522', '', '', ''),
(76, 6, 'cream of tomato soup', NULL, 'Active', '2021-10-12 11:55:07', '2021-10-12 11:55:07', '2021-10-12 23:51:20', '', NULL, '47,86,163,165,316,518,528', '', '', ''),
(77, 10, 'jalebi', NULL, 'Active', '2021-10-12 11:58:26', '2021-10-12 11:58:26', '2021-10-12 23:51:02', '', NULL, '13,28,47,93,129,148,527', '', '', ''),
(78, 12, 'cheese paneer puff', NULL, 'Active', '2021-10-12 12:02:56', '2021-10-12 12:02:56', '2021-10-12 23:50:43', '', NULL, '48,62,65,69,70,71,72,163,329,330,331,335,231,518,520', '', '', ''),
(79, 5, 'rosted papad', NULL, 'Active', '2021-10-12 12:05:10', '2021-10-12 12:05:10', '2021-10-12 23:50:25', '', NULL, '138', '', '', ''),
(80, 5, 'kobij no sambharo', NULL, 'Active', '2021-10-12 12:10:00', '2021-10-12 12:10:00', '2021-10-12 23:50:05', '', NULL, '341,342,343,352,356,374', '', '', ''),
(81, 4, 'paneer maharaja', 'menu_81_1634313145.jpeg', 'Active', '2021-10-12 12:16:39', '2021-10-12 12:16:39', '2021-10-16 20:27:58', '', NULL, '100,101,102,105,106,108,109,110,111,152,316,317,319,518,520,523,528', '', '', ''),
(82, 12, 'Khaman', NULL, 'Active', '2021-10-12 15:07:58', '2021-10-12 15:07:58', '2021-10-12 23:49:03', '', NULL, '224,245,409,412', '', '', ''),
(83, 12, 'Idada taiyar', NULL, 'Active', '2021-10-12 15:18:28', '2021-10-12 15:18:28', '2021-10-12 23:48:44', '', NULL, '246', '', '', ''),
(84, 12, 'Patra taiyar', NULL, 'Active', '2021-10-12 15:22:58', '2021-10-12 15:22:58', '2021-10-12 23:48:28', '', NULL, '247', '', '', ''),
(85, 12, 'Live dhokla', NULL, 'Active', '2021-10-12 15:24:23', '2021-10-12 15:24:23', '2021-10-12 23:48:11', '', NULL, '248', '', '', ''),
(86, 3, 'Pitabread with english vegg.', NULL, 'Active', '2021-10-19 15:28:08', '2021-10-12 17:48:12', '2021-10-12 23:47:53', '', NULL, '62,69,70,71,72,153,163,179,319,329,330,331,332,333,334,337,368,369,380,241,518,520,523,528', '', '', ''),
(87, 11, 'panipuri', 'menu_87_1634312368.jpg', 'Active', '2021-10-12 22:57:53', '2021-10-12 22:57:53', '2021-10-15 21:09:28', '', NULL, '12,13,40,84,116,117,155,164,311,320,377,307', '', '', ''),
(88, 11, 'delhi chaat', 'menu_88_1634312441.jpg', 'Active', '2021-10-19 10:12:02', '2021-10-12 23:13:01', '2021-10-19 15:20:39', '', NULL, '13,18,33,39,40,43,47,55,56,84,87,114,161,311,320,352,377,378,224', '', '', ''),
(89, 7, 'jiniroll dosa', NULL, 'Active', '2021-10-12 23:26:09', '2021-10-12 23:26:09', '2021-10-12 23:46:52', '', NULL, '37,48,58,86,153,156,161,164,319,329,341,342,344', '', '', ''),
(90, 7, 'masala dosa', NULL, 'Active', '2021-10-12 23:26:09', '2021-10-12 23:26:09', '2021-10-12 23:46:30', '', NULL, '37,48,58,86,153,156,161,311,316,317', '', '', ''),
(91, 1, 'bataka chips', 'menu_91_1634480421.jpg', 'Active', '2021-10-13 13:41:00', '2021-10-13 13:41:00', '2021-10-17 19:50:21', '', NULL, '17,22,23,73,74,311', '', '', ''),
(92, 6, 'broccoli almond soup', NULL, 'Active', '2021-10-13 14:28:44', '2021-10-13 14:28:44', '2021-10-13 14:28:44', '', NULL, '24,50,66,71,72,92,163,329,330,331,332,407,488,523,528', '', '', ''),
(93, 13, 'potato honey chilli', NULL, 'Active', '2021-10-14 08:55:41', '2021-10-14 08:55:41', '2021-10-14 09:54:11', '', NULL, '47,50,62,65,164,200,311,329,330,331,412,420', '', '', ''),
(94, 13, 'paneer red cook', NULL, 'Active', '2021-10-14 09:26:28', '2021-10-14 09:26:28', '2021-10-14 09:53:22', '', NULL, '47,50,62,64,65,86,91,163,329,330,412,420,520', '', '', ''),
(95, 5, 'green chutney', NULL, 'Active', '2021-10-14 09:58:40', '2021-10-14 09:58:40', '2021-10-14 09:58:40', '', NULL, '161,320,377,378,522', '', '', ''),
(96, 5, 'red chutney', NULL, 'Active', '2021-10-14 10:03:26', '2021-10-14 10:03:26', '2021-10-14 10:03:26', '', NULL, '39,40,84,87,533', '', '', ''),
(97, 12, 'tuvar vata ni ni kacori', NULL, 'Active', '2021-10-14 10:25:51', '2021-10-14 10:25:51', '2021-10-14 10:25:51', '', NULL, '17,22,23,47,68,73,312,318,386,224', '', '', ''),
(98, 12, 'copra petis', NULL, 'Active', '2021-10-14 10:25:51', '2021-10-14 10:25:51', '2021-10-14 10:25:51', '', NULL, '17,22,23,48,50,51,67,533,311,318,224,244', '', '', ''),
(99, 4, 'mixveg.tawa', 'menu_99_1634311286.jpg', 'Active', '2021-10-14 10:30:34', '2021-10-14 10:30:34', '2021-10-15 20:51:26', '', NULL, '75,100,103,104,105,108,109,110,111,311,312,316,317,329,342,363,364,518,520,523,528', '', '', ''),
(100, 1, 'green gujarati', NULL, 'Active', '2021-10-14 10:34:52', '2021-10-14 10:34:52', '2021-10-14 10:34:52', '', NULL, '41,73,74,312,318,327,329,360,371,378,247', '', '', ''),
(101, 1, 'panchratna chips', NULL, 'Active', '2021-10-14 10:37:55', '2021-10-14 10:37:55', '2021-10-14 10:37:55', '', NULL, '17,22,23,51,73,74,311,314,329,342,360', '', '', ''),
(102, 4, 'veg.hydrabadi', 'menu_102_1634312212.jpg', 'Active', '2021-10-14 10:43:22', '2021-10-14 10:43:22', '2021-10-15 21:06:52', '', NULL, '75,100,103,104,105,108,109,110,111,312,316,317,319,329,330,331,332,334,335,342,362,364,378,518,521,528', '', '', ''),
(103, 4, 'paneer angara', 'menu_103_1634311730.jpg', 'Active', '2021-10-14 10:48:10', '2021-10-14 10:48:10', '2021-10-15 20:58:50', '', NULL, '75,91,100,103,104,105,108,109,110,111,153,316,317,319,258,518,520,523,528', '', '', ''),
(104, 12, 'patra', NULL, 'Active', '2021-10-14 10:52:03', '2021-10-14 10:52:03', '2021-10-14 10:52:03', '', NULL, '40,48,53,73,74,100,533,328', '', '', ''),
(105, 5, 'masala chas', NULL, 'Active', '2021-10-14 23:11:00', '2021-10-14 23:11:00', '2021-10-14 23:11:00', '', NULL, '88,416,525', '', '', ''),
(106, 10, 'matho', NULL, 'Active', '2021-10-14 23:12:11', '2021-10-14 23:12:11', '2021-10-14 23:12:11', '', NULL, '256', '', '', ''),
(107, 11, 'Paneer-65', 'menu_107_1634317147.jpeg', 'Active', '2021-10-15 17:00:51', '2021-10-15 17:00:51', '2021-10-15 22:29:07', '', NULL, '47,50,62,65,71,72,86,91,153,163,329,330,331,540,412,420,520,522', '', '', ''),
(108, 4, 'Paneer laziz', NULL, 'Active', '2021-10-16 08:06:51', '2021-10-16 08:06:51', '2021-10-16 08:06:51', '', NULL, '101,102,103,104,105,106,108,109,110,111,316,317,319,521,523,528', '', '', ''),
(109, 10, 'mohanthal', NULL, 'Active', '2021-10-16 08:41:31', '2021-10-16 08:41:31', '2021-10-16 08:41:31', '', NULL, '13,28,93,222,527', '', '', ''),
(110, 9, 'mexican sigar roll', NULL, 'Active', '2021-10-16 20:09:25', '2021-10-16 20:09:25', '2021-10-16 20:15:02', '', NULL, '48,86,163,186,187,329,330,331,335,341,368,370,371,232,405,518,520', '', '', ''),
(111, 6, 'thai coriander soup', NULL, 'Active', '2021-10-16 20:26:09', '2021-10-16 20:26:09', '2021-10-16 20:35:24', '', NULL, '50,69,70,145,146,163,208,320,329,330,331,332,333,334,339,368,369,407', '', '', ''),
(112, 5, 'schezwan chutney', NULL, 'Active', '2021-10-16 20:33:16', '2021-10-16 20:33:16', '2021-10-16 20:33:16', '', NULL, '62,65,86,153,319,329,330,331,336,337,380', '', '', ''),
(113, 22, 'rawa menda puri', NULL, 'Active', '2021-10-16 20:37:57', '2021-10-16 20:37:57', '2021-10-16 20:37:57', '', NULL, '47,88,156,164', '', '', ''),
(114, 12, 'gugra tuvar vatana', NULL, 'Active', '2021-10-16 20:41:57', '2021-10-16 20:41:57', '2021-10-16 20:50:31', '', NULL, '17,22,23,47,51,68,73,100,312,318,386,224', '', '', ''),
(115, 12, 'patudi', NULL, 'Active', '2021-10-16 20:49:33', '2021-10-16 20:49:33', '2021-10-16 20:49:33', '', NULL, '54,73,290', '', '', ''),
(116, 2, 'burrito boul', NULL, 'Active', '2021-10-16 21:54:48', '2021-10-16 21:54:48', '2021-10-16 21:54:48', '', NULL, '45,59,69,70,164,176,186,187,213,316,317,319,329,330,331,369,371,540,522', '', '', ''),
(117, 11, 'kachori chaat', NULL, 'Active', '2021-10-16 22:06:13', '2021-10-16 22:06:13', '2021-10-16 22:06:13', '', NULL, '13,39,40,47,48,87,100,101,102,114,161,533,320,352,377,378,224', '', '', ''),
(118, 2, 'grilled station', NULL, 'Active', '2021-10-16 22:12:00', '2021-10-16 22:12:00', '2021-10-16 22:12:00', '', NULL, '70,71,72,86,163,316,317,319,329,330,331,336,337,365,368,369,374,380,520', '', '', ''),
(119, 2, 'quesadilla', NULL, 'Active', '2021-10-16 22:23:52', '2021-10-16 22:23:52', '2021-10-16 22:23:52', '', NULL, '47,70,71,72,114,163,169,186,213,317,319,329,330,331,369,378,518,520', '', '', ''),
(120, 12, 'cheese palak patudi', NULL, 'Active', '2021-10-16 22:40:37', '2021-10-16 22:40:37', '2021-10-16 22:40:37', '', NULL, '73,291', '', '', ''),
(121, 12, 'ringan puri', NULL, 'Active', '2021-10-16 22:44:21', '2021-10-16 22:44:21', '2021-10-16 22:44:21', '', NULL, '19,21,48,309,340', '', '', ''),
(122, 22, 'garlic kulcha', NULL, 'Active', '2021-10-16 22:53:35', '2021-10-16 22:53:35', '2021-10-16 22:53:35', '', NULL, '47,165,195,319,258,522,523', '', '', ''),
(123, 22, 'rumali roti', NULL, 'Active', '2021-10-16 22:53:35', '2021-10-16 22:53:35', '2021-10-16 22:53:35', '', NULL, '47,165,195,258,522,523', '', '', ''),
(124, 3, 'enchilada', NULL, 'Active', '2021-10-17 05:52:08', '2021-10-17 05:52:08', '2021-10-17 06:14:14', '', NULL, '47,62,65,69,70,71,72,76,77,86,149,163,165,171,179,319,329,330,331,335,217,518,519,520,528', '', '', ''),
(125, 4, 'paneer aumrutsari', NULL, 'Active', '2021-10-17 05:57:20', '2021-10-17 05:57:20', '2021-10-17 05:57:20', '', NULL, '75,100,105,106,108,109,110,111,316,317,319,518,520,522,523,528', '', '', ''),
(126, 4, 'veg.nawabi', NULL, 'Active', '2021-10-17 06:01:52', '2021-10-17 06:01:52', '2021-10-17 06:01:52', '', NULL, '312,316,317,319,329,330,331,332,333,334,342,363,369,518,522,523,526,528', '', '', ''),
(127, 12, 'ratalu kand', NULL, 'Active', '2021-10-17 06:04:55', '2021-10-17 06:04:55', '2021-10-17 06:04:55', '', NULL, '164,314,322,405,412', '', '', ''),
(128, 28, 'pani bottel', NULL, 'Active', '2021-10-17 06:07:34', '2021-10-17 06:07:34', '2021-10-17 06:07:34', '', NULL, '537', '', '', ''),
(129, 28, 'pani na kerba', NULL, 'Active', '2021-10-17 06:10:24', '2021-10-17 06:10:24', '2021-10-17 06:10:24', '', NULL, '538', '', '', ''),
(130, 5, 'mukvas', NULL, 'Active', '2021-10-17 06:11:50', '2021-10-17 06:11:50', '2021-10-17 06:11:50', '', NULL, '124', '', '', ''),
(131, 12, 'papdi gathiya', NULL, 'Active', '2021-10-17 06:18:39', '2021-10-17 06:18:39', '2021-10-17 06:18:39', '', NULL, '374,387,220,409,412', '', '', ''),
(132, 5, 'besan chutney', NULL, 'Active', '2021-10-17 06:22:22', '2021-10-17 06:22:22', '2021-10-17 06:22:22', '', NULL, '48,413,525', '', '', ''),
(133, 1, 'salang val ni dal', NULL, 'Active', '2021-10-17 06:26:10', '2021-10-17 06:26:10', '2021-10-17 06:26:10', '', NULL, '22,23,164,319,367', '', '', ''),
(134, 10, 'dal ni vedmi', NULL, 'Active', '2021-10-17 06:28:40', '2021-10-17 06:28:40', '2021-10-17 06:28:40', '', NULL, '13,28,38,47,527', '', '', ''),
(135, 4, 'paneer lasaniya', NULL, 'Active', '2021-10-17 06:34:09', '2021-10-17 06:34:09', '2021-10-17 06:34:09', '', NULL, '75,103,104,108,109,110,111,316,317,319,518,521,523,527,528', '', '', ''),
(136, 12, 'dal na patra', NULL, 'Active', '2021-10-17 06:37:03', '2021-10-17 06:37:03', '2021-10-17 06:37:03', '', NULL, '34,85,100,322', '', '', ''),
(137, 5, 'fruitdish', NULL, 'Active', '2021-10-17 06:42:03', '2021-10-17 06:42:03', '2021-10-17 06:42:03', '', NULL, '286', '', '', ''),
(138, 5, 'coffeebar', NULL, 'Active', '2021-10-17 06:42:03', '2021-10-17 06:42:03', '2021-10-17 06:42:03', '', NULL, '287', '', '', ''),
(139, 5, 'icecream bar', NULL, 'Active', '2021-10-17 06:42:03', '2021-10-17 06:42:03', '2021-10-17 06:42:03', '', NULL, '289', '', '', ''),
(140, 5, 'jumping', NULL, 'Active', '2021-10-17 06:42:03', '2021-10-17 06:42:03', '2021-10-17 06:42:03', '', NULL, '284', '', '', ''),
(141, 5, 'mocktail bar', NULL, 'Active', '2021-10-17 06:42:03', '2021-10-17 06:42:03', '2021-10-17 06:42:03', '', NULL, '288', '', '', ''),
(142, 5, 'popcorn', NULL, 'Active', '2021-10-17 06:42:03', '2021-10-17 06:42:03', '2021-10-17 06:42:03', '', NULL, '282', '', '', ''),
(143, 5, 'suger candi', NULL, 'Active', '2021-10-17 06:42:03', '2021-10-17 06:42:03', '2021-10-17 06:42:03', '', NULL, '283', '', '', ''),
(144, 5, 'chana chor garam', NULL, 'Active', '2021-10-17 06:42:03', '2021-10-17 06:42:03', '2021-10-17 06:42:03', '', NULL, '281', '', '', ''),
(145, 10, 'badampista krunch', NULL, 'Active', '2021-10-17 06:45:44', '2021-10-17 06:45:44', '2021-10-17 06:45:44', '', NULL, '251', '', '', ''),
(147, 1, 'ringan bhadthu', NULL, 'Active', '2021-10-17 06:54:38', '2021-10-17 06:54:38', '2021-10-17 06:54:38', '', NULL, '309,316,317,318,319,540', '', '', ''),
(148, 1, 'sev tameta', NULL, 'Active', '2021-10-17 06:54:38', '2021-10-17 06:54:38', '2021-10-17 06:54:38', '', NULL, '316,319,225', '', '', ''),
(149, 1, 'lasaniya bataka', NULL, 'Active', '2021-10-17 06:54:38', '2021-10-17 06:54:38', '2021-10-17 06:54:38', '', NULL, '17,22,23,311,318,319', '', '', ''),
(150, 22, 'tepla', NULL, 'Active', '2021-10-17 06:57:07', '2021-10-17 06:57:07', '2021-10-17 06:57:07', '', NULL, '46,73,319,381,389,522', '', '', ''),
(151, 15, 'kiwi paineapple mocktail', NULL, 'Active', '2021-10-17 13:29:27', '2021-10-17 13:29:27', '2021-10-17 13:29:27', '', NULL, '92,134,136,377,293,406,466', '', '', ''),
(152, 15, 'coconut apple juice', NULL, 'Active', '2021-10-17 13:37:25', '2021-10-17 13:37:25', '2021-10-20 23:23:28', '', NULL, '353,263,264', '', '', ''),
(153, 4, 'paneer resmi', NULL, 'Active', '2021-10-17 13:53:38', '2021-10-17 13:53:38', '2021-10-17 13:53:38', '', NULL, '71,72,100,108,109,110,111,316,317,319,329,330,331,518,521,522,523,528', '', '', ''),
(154, 14, 'chaa-coffee-tea', NULL, 'Active', '2021-10-17 14:02:26', '2021-10-17 14:02:26', '2021-10-17 14:02:26', '', NULL, '13,28,81,165,209,415', '', '', ''),
(155, 10, 'shrikhand', NULL, 'Active', '2021-10-17 14:17:59', '2021-10-17 14:17:59', '2021-10-17 14:29:25', '', NULL, '257', '', '', ''),
(156, 1, 'flower bataka vatana', NULL, 'Active', '2021-10-17 14:28:23', '2021-10-17 14:28:23', '2021-10-17 14:28:23', '', NULL, '41,73,74,311,312,316,318,319,329,363', '', '', ''),
(157, 4, 'dum aloo', NULL, 'Active', '2021-10-17 20:08:12', '2021-10-17 20:08:12', '2021-10-17 20:08:12', '', NULL, '100,106,108,109,110,316,317,319,394,522', '', '', ''),
(158, 6, 'american garden soup', NULL, 'Active', '2021-10-17 20:16:41', '2021-10-17 20:16:41', '2021-10-17 20:16:41', '', NULL, '50,62,64,65,71,72,78,163,171,172,208,211,311,319,329,330,331,332,333,334,335,336,337,339,340,342,368,369,380,540', '', '', ''),
(159, 1, 'tindora bataka', NULL, 'Active', '2021-10-17 21:15:03', '2021-10-17 21:15:03', '2021-10-17 21:15:03', '', NULL, '311,360', '', '', ''),
(160, 4, 'tawa sabji', NULL, 'Active', '2021-10-17 21:19:30', '2021-10-17 21:19:30', '2021-10-17 21:19:30', '', NULL, '75,98,100,101,102,103,104,108,109,110,111,310,311,316,317,319,329,359,361,362,363,372', '', '', ''),
(161, 4, 'paneer mogalai', NULL, 'Active', '2021-10-17 21:25:51', '2021-10-17 21:25:51', '2021-10-17 21:27:54', '', NULL, '47,50,104,105,106,108,109,110,111,152,533,316,317,319,518,521,522,523,526,528', '', '', ''),
(162, 15, 'Orio nuterla milk shek', NULL, 'Active', '2021-10-18 23:37:33', '2021-10-18 23:37:33', '2021-10-18 23:37:33', '', NULL, '541,542,526', '', '', ''),
(164, 9, 'thai paneer thread', NULL, 'Active', '2021-10-20 21:44:52', '2021-10-20 21:44:52', '2021-10-20 21:44:52', '', NULL, '50,76,77,86,145,146,163,172,175,179,319,329,330,331,529', '', '', ''),
(165, 11, 'capsicum kangan chaat', NULL, 'Active', '2021-10-20 22:12:46', '2021-10-20 22:12:46', '2021-10-20 22:12:46', '', NULL, '39,40,48,50,100,161,163,311,312,318,319,320,329,352,377,378,224,522', '', '', ''),
(166, 11, 'malai biscuit chaat', NULL, 'Active', '2021-10-20 22:15:51', '2021-10-20 22:15:51', '2021-10-20 22:59:02', '', NULL, '13,22,23,39,40,75,80,100,161,320,352,353,377,522,528,532', '', '', ''),
(167, 11, 'rajwadi chaat', NULL, 'Active', '2021-10-20 22:52:37', '2021-10-20 22:52:37', '2021-10-20 22:52:37', '', NULL, '13,21,22,23,39,42,84,87,101,130,161,164,533,352,353,355,356,357,377,224,522,528', '', '', ''),
(168, 11, 'papdi bhalla chaat', NULL, 'Active', '2021-10-20 23:18:29', '2021-10-20 23:18:29', '2021-10-20 23:18:29', '', NULL, '13,18,39,40,43,47,55,56,84,87,114,161,165,533,320,352,377,378,224', '', '', '');

-- --------------------------------------------------------

--
-- Table structure for table `modules`
--

CREATE TABLE `modules` (
  `id` int(20) NOT NULL,
  `title` varchar(100) COLLATE utf8_unicode_ci NOT NULL,
  `controller` varchar(100) COLLATE utf8_unicode_ci NOT NULL,
  `action` varchar(100) COLLATE utf8_unicode_ci NOT NULL,
  `icon` varchar(55) COLLATE utf8_unicode_ci NOT NULL,
  `functionality` enum('crud','singleview','other','none') COLLATE utf8_unicode_ci NOT NULL DEFAULT 'crud',
  `type` enum('Menu','Submenu','Subsubmenu','Navigation','Modules','Pages','Other') COLLATE utf8_unicode_ci NOT NULL DEFAULT 'Menu',
  `menu_id` int(11) NOT NULL DEFAULT '0',
  `parent_menu_id` int(11) NOT NULL DEFAULT '0',
  `parent_submenu_id` int(11) NOT NULL DEFAULT '0',
  `menu_position` int(11) NOT NULL,
  `submenu_position` int(11) NOT NULL,
  `display` enum('0','1') COLLATE utf8_unicode_ci NOT NULL DEFAULT '1' COMMENT '1- Show  0-hide in datatablelist only',
  `hiddden` enum('0','1') COLLATE utf8_unicode_ci NOT NULL DEFAULT '0' COMMENT '1- sidemenu Module hide & direct url worked',
  `status` enum('Active','Inactive') COLLATE utf8_unicode_ci NOT NULL DEFAULT 'Active',
  `status_at` datetime DEFAULT NULL,
  `created_at` datetime DEFAULT NULL,
  `updated_at` datetime DEFAULT NULL
) ENGINE=InnoDB DEFAULT CHARSET=utf8 COLLATE=utf8_unicode_ci;

--
-- Dumping data for table `modules`
--

INSERT INTO `modules` (`id`, `title`, `controller`, `action`, `icon`, `functionality`, `type`, `menu_id`, `parent_menu_id`, `parent_submenu_id`, `menu_position`, `submenu_position`, `display`, `hiddden`, `status`, `status_at`, `created_at`, `updated_at`) VALUES
(1, 'Navigation', '', '', '', 'none', 'Navigation', 0, 0, 0, 0, 0, '0', '0', 'Active', NULL, NULL, NULL),
(2, 'Modules', '', '', '', 'none', 'Modules', 0, 0, 0, 0, 0, '0', '0', 'Active', NULL, NULL, NULL),
(3, 'Pages', '', '', '', 'none', 'Pages', 0, 0, 0, 0, 0, '0', '0', 'Active', NULL, NULL, NULL),
(4, 'Other', '', '', '', 'none', 'Other', 0, 0, 0, 0, 0, '0', '0', 'Active', NULL, NULL, NULL),
(5, 'Dashboard', 'site', 'index', 'fas fa-tachometer-alt', 'crud', 'Menu', 1, 0, 0, 1, 0, '0', '0', 'Active', NULL, NULL, NULL),
(6, 'Back Management', '', '', 'fas fa-users-cog', 'other', 'Menu', 4, 0, 0, 5, 0, '1', '0', 'Active', '2021-06-26 10:58:34', '2021-06-26 10:58:34', '2021-06-26 10:58:34'),
(7, 'Modules', 'modules', 'index', 'far fa-circle', 'crud', 'Submenu', 4, 6, 0, 0, 1, '0', '0', 'Active', NULL, NULL, NULL),
(8, 'Permissions', 'permission', 'index', 'far fa-circle', 'crud', 'Submenu', 4, 6, 0, 0, 2, '0', '0', 'Active', NULL, NULL, '2021-06-26 16:11:42'),
(9, 'Roles', 'role', 'index', 'far fa-circle', 'crud', 'Submenu', 4, 6, 0, 0, 3, '0', '0', 'Active', NULL, NULL, '2021-06-26 16:11:35'),
(10, 'Templates', '', '', 'fas fa-envelope-open-text', 'crud', 'Menu', 2, 0, 0, 2, 0, '1', '0', 'Active', NULL, NULL, '2021-07-18 06:25:40'),
(11, 'Email Templates', 'email-templates', 'index', 'far fa-circle', 'crud', 'Submenu', 2, 10, 0, 0, 1, '1', '0', 'Active', NULL, NULL, '2021-07-18 06:25:40'),
(12, 'SMS Templates', 'sms-templates', 'index', 'far fa-circle', 'crud', 'Submenu', 2, 10, 0, 0, 2, '1', '0', 'Inactive', '2021-07-25 11:24:55', NULL, '2021-07-18 06:25:40'),
(13, 'Languages', 'langs', 'index', 'fas fa-language', 'crud', 'Menu', 2, 0, 0, 3, 0, '1', '0', 'Inactive', '2021-07-25 18:29:00', NULL, NULL),
(14, 'Categories', '', '', 'fas fa-th-list', 'crud', 'Menu', 2, 0, 0, 0, 0, '1', '0', 'Active', '2021-07-04 11:14:52', '2021-07-04 11:14:52', '2021-07-25 11:50:19'),
(15, 'Menu Categories', 'categories', 'index', 'far fa-circle', 'crud', 'Submenu', 2, 14, 0, 0, 0, '1', '0', 'Active', '2021-07-04 16:22:23', '2021-07-04 16:22:23', '2021-07-25 11:52:52'),
(16, 'Carousel', 'carousel', 'index', 'fas fa-th-list', 'crud', 'Menu', 2, 0, 0, 0, 0, '1', '0', 'Active', '2021-07-25 21:10:10', '2021-07-25 21:10:10', '2021-07-25 21:10:19'),
(17, 'Settings', 'settings', 'index', 'fas fa-cog', 'crud', 'Menu', 2, 0, 0, 0, 0, '1', '0', 'Active', '2021-07-26 22:02:19', '2021-07-26 22:02:19', '2021-07-26 22:02:19'),
(18, 'Custom Pages', 'custom-pages', 'index', 'fas fa-file', 'crud', 'Menu', 2, 0, 0, 0, 0, '1', '0', 'Active', '2021-07-26 22:03:12', '2021-07-26 22:03:12', '2021-07-26 22:11:11'),
(19, 'Event Categories', 'event-categories', 'index', 'far fa-circle', 'crud', 'Submenu', 2, 14, 0, 0, 3, '1', '0', 'Active', '2021-08-09 22:49:33', '2021-08-09 22:49:33', '2021-08-09 22:49:33'),
(20, 'Manage Menu', '', '', 'fas fa-file', 'crud', 'Menu', 2, 0, 0, 0, 0, '1', '0', 'Active', '2021-08-09 23:14:29', '2021-08-09 23:14:29', '2021-08-09 23:14:29'),
(21, 'Menu', 'menu', 'index', 'far fa-circle', 'crud', 'Submenu', 2, 20, 0, 0, 0, '1', '0', 'Active', '2021-08-09 23:15:08', '2021-08-09 23:15:08', '2021-08-09 23:15:08'),
(22, 'Events', 'events', 'index', 'far fa-circle', 'crud', 'Submenu', 2, 20, 0, 0, 0, '1', '0', 'Active', '2021-08-09 23:15:44', '2021-08-09 23:15:44', '2021-08-09 23:15:44'),
(23, 'Items Categories', 'items-categories', 'index', 'far fa-circle', 'crud', 'Submenu', 2, 14, 0, 0, 2, '1', '0', 'Active', '2021-08-11 21:21:04', '2021-08-11 21:21:04', '2021-08-12 23:07:08'),
(24, 'Items', 'items', 'index', 'far fa-circle', 'crud', 'Submenu', 2, 20, 0, 0, 0, '1', '0', 'Active', '2021-08-12 22:34:55', '2021-08-12 22:34:55', '2021-08-12 22:34:55'),
(25, 'Booking', 'booking', 'index', 'fab fa-first-order', 'crud', 'Menu', 2, 0, 0, 0, 0, '1', '0', 'Active', '2021-09-05 19:45:40', '2021-09-05 19:45:40', '2021-09-05 19:45:40'),
(26, 'Gallery', 'gallery', 'index', 'fas fa-images', 'crud', 'Menu', 2, 0, 0, 0, 0, '1', '0', 'Active', '2021-09-05 21:48:54', '2021-09-05 21:48:54', '2021-09-05 21:48:54'),
(27, 'Review', 'review', 'index', 'fas fa-star', 'crud', 'Menu', 2, 0, 0, 0, 0, '1', '0', 'Active', '2021-09-06 23:31:54', '2021-09-06 23:31:54', '2021-09-06 23:31:54');

-- --------------------------------------------------------

--
-- Table structure for table `permission`
--

CREATE TABLE `permission` (
  `id` int(20) NOT NULL,
  `type` enum('Backend','Frontend','App') COLLATE utf8_unicode_ci NOT NULL,
  `module_id` int(20) DEFAULT NULL,
  `title` varchar(200) COLLATE utf8_unicode_ci NOT NULL,
  `name` varchar(100) COLLATE utf8_unicode_ci NOT NULL,
  `controller` varchar(100) COLLATE utf8_unicode_ci NOT NULL,
  `action` varchar(100) COLLATE utf8_unicode_ci NOT NULL
) ENGINE=InnoDB DEFAULT CHARSET=utf8 COLLATE=utf8_unicode_ci;

--
-- Dumping data for table `permission`
--

INSERT INTO `permission` (`id`, `type`, `module_id`, `title`, `name`, `controller`, `action`) VALUES
(1, 'Backend', 7, 'List', 'list', 'modules', 'index'),
(2, 'Backend', 7, 'Create', 'create', 'modules', 'create'),
(3, 'Backend', 7, 'Update', 'update', 'modules', 'update'),
(4, 'Backend', 7, 'View', 'view', 'modules', 'view'),
(5, 'Backend', 7, 'Delete', 'delete', 'modules', 'delete'),
(6, 'Backend', 7, 'Status', 'status', 'modules', 'statusupdate'),
(7, 'Backend', 9, 'List', 'list', 'role', 'index'),
(8, 'Backend', 9, 'Create', 'create', 'role', 'create'),
(9, 'Backend', 9, 'Update', 'update', 'role', 'update'),
(10, 'Backend', 9, 'View', 'view', 'role', 'view'),
(11, 'Backend', 9, 'Delete', 'delete', 'role', 'delete'),
(12, 'Backend', 9, 'Status', 'status', 'role', 'statusupdate'),
(13, 'Backend', 9, 'Access', 'access', 'role', 'access'),
(14, 'Backend', 8, 'List', 'list', 'permission', 'index'),
(15, 'Backend', 8, 'Create', 'create', 'permission', 'create'),
(16, 'Backend', 8, 'Update', 'update', 'permission', 'update'),
(17, 'Backend', 8, 'Delete', 'delete', 'permission', 'delete'),
(18, 'Backend', 7, 'Export', 'export', 'modules', 'export'),
(19, 'Backend', 9, 'Export', 'export', 'role', 'export'),
(20, 'Backend', 8, 'Export', 'export', 'permission', 'export'),
(21, 'Backend', 5, 'List', 'list', 'site', 'index'),
(22, 'Backend', 11, 'List', 'list', 'email-templates', 'index'),
(23, 'Backend', 11, 'Create', 'create', 'email-templates', 'create'),
(24, 'Backend', 11, 'Update', 'update', 'email-templates', 'update'),
(25, 'Backend', 11, 'View', 'view', 'email-templates', 'view'),
(26, 'Backend', 11, 'Delete', 'delete', 'email-templates', 'delete'),
(27, 'Backend', 11, 'Status', 'status', 'email-templates', 'statusupdate'),
(28, 'Backend', 13, 'List', 'list', 'langs', 'index'),
(29, 'Backend', 13, 'Create', 'create', 'langs', 'create'),
(30, 'Backend', 13, 'Update', 'update', 'langs', 'update'),
(31, 'Backend', 13, 'View', 'view', 'langs', 'view'),
(32, 'Backend', 13, 'Delete', 'delete', 'langs', 'delete'),
(33, 'Backend', 15, 'List', 'list', 'categories', 'index'),
(34, 'Backend', 15, 'Create', 'create', 'categories', 'create'),
(35, 'Backend', 15, 'Update', 'update', 'categories', 'update'),
(36, 'Backend', 15, 'View', 'view', 'categories', 'view'),
(37, 'Backend', 15, 'Delete', 'delete', 'categories', 'delete'),
(38, 'Backend', 15, 'Status', 'status', 'categories', 'statusupdate'),
(39, 'Backend', 12, 'List', 'list', 'sms-templates', 'index'),
(40, 'Backend', 12, 'Create', 'create', 'sms-templates', 'create'),
(41, 'Backend', 12, 'Update', 'update', 'sms-templates', 'update'),
(42, 'Backend', 12, 'View', 'view', 'sms-templates', 'view'),
(43, 'Backend', 12, 'Delete', 'delete', 'sms-templates', 'delete'),
(44, 'Backend', 12, 'Status', 'statusupdate', 'sms-templates', 'statusupdate'),
(45, 'Backend', 16, 'List', 'list', 'carousel', 'index'),
(46, 'Backend', 16, 'Create', 'create', 'carousel', 'create'),
(47, 'Backend', 16, 'Update', 'update', 'carousel', 'update'),
(48, 'Backend', 16, 'View', 'view', 'carousel', 'view'),
(49, 'Backend', 16, 'Delete', 'delete', 'carousel', 'delete'),
(50, 'Backend', 16, 'Status', 'status', 'carousel', 'statusupdate'),
(53, 'Backend', 18, 'List', 'list', 'custom-pages', 'index'),
(54, 'Backend', 18, 'Create', 'create', 'custom-pages', 'create'),
(55, 'Backend', 18, 'Update', 'update', 'custom-pages', 'update'),
(56, 'Backend', 18, 'View', 'view', 'custom-pages', 'view'),
(57, 'Backend', 18, 'Delete', 'delete', 'custom-pages', 'delete'),
(58, 'Backend', 18, 'Status', 'status', 'custom-pages', 'statusupdate'),
(59, 'Backend', 17, 'List', 'list', 'settings', 'index'),
(60, 'Backend', 17, 'Create', 'create', 'settings', 'create'),
(61, 'Backend', 17, 'Update', 'update', 'settings', 'update'),
(62, 'Backend', 17, 'View', 'view', 'settings', 'view'),
(63, 'Backend', 17, 'Delete', 'delete', 'settings', 'delete'),
(64, 'Backend', 17, 'Status', 'status', 'settings', 'statusupdate'),
(65, 'Backend', 19, 'List', 'list', 'event-categories', 'index'),
(66, 'Backend', 19, 'Create', 'create', 'event-categories', 'create'),
(67, 'Backend', 19, 'Update', 'update', 'event-categories', 'update'),
(68, 'Backend', 19, 'View', 'view', 'event-categories', 'view'),
(69, 'Backend', 19, 'Delete', 'delete', 'event-categories', 'delete'),
(70, 'Backend', 19, 'Status', 'status', 'event-categories', 'statusupdate'),
(71, 'Backend', 21, 'List', 'list', 'menu', 'index'),
(72, 'Backend', 21, 'Create', 'create', 'menu', 'create'),
(73, 'Backend', 21, 'Update', 'update', 'menu', 'update'),
(74, 'Backend', 21, 'View', 'view', 'menu', 'view'),
(75, 'Backend', 21, 'Delete', 'delete', 'menu', 'delete'),
(76, 'Backend', 21, 'Status', 'status', 'menu', 'statusupdate'),
(77, 'Backend', 22, 'List', 'list', 'events', 'index'),
(78, 'Backend', 22, 'Create', 'create', 'events', 'create'),
(79, 'Backend', 22, 'Update', 'update', 'events', 'update'),
(80, 'Backend', 22, 'View', 'view', 'events', 'view'),
(81, 'Backend', 22, 'Delete', 'delete', 'events', 'delete'),
(82, 'Backend', 22, 'Status', 'status', 'events', 'statusupdate'),
(83, 'Backend', 23, 'List', 'list', 'items-categories', 'index'),
(84, 'Backend', 23, 'Create', 'create', 'items-categories', 'create'),
(85, 'Backend', 23, 'Update', 'update', 'items-categories', 'update'),
(86, 'Backend', 23, 'View', 'view', 'items-categories', 'view'),
(87, 'Backend', 23, 'Delete', 'delete', 'items-categories', 'delete'),
(88, 'Backend', 23, 'Status', 'status', 'items-categories', 'statusupdate'),
(89, 'Backend', 24, 'List', 'list', 'items', 'index'),
(90, 'Backend', 24, 'Create', 'create', 'items', 'create'),
(91, 'Backend', 24, 'Update', 'update', 'items', 'update'),
(92, 'Backend', 24, 'View', 'view', 'items', 'view'),
(93, 'Backend', 24, 'Delete', 'delete', 'items', 'delete'),
(94, 'Backend', 24, 'Status', 'status', 'items', 'statusupdate'),
(95, 'Backend', 25, 'List', 'list', 'booking', 'index'),
(96, 'Backend', 25, 'Create', 'create', 'booking', 'create'),
(97, 'Backend', 25, 'Update', 'update', 'booking', 'update'),
(98, 'Backend', 25, 'View', 'view', 'booking', 'view'),
(99, 'Backend', 25, 'Delete', 'delete', 'booking', 'delete'),
(100, 'Backend', 25, 'Status', 'status', 'booking', 'statusupdate'),
(101, 'Backend', 26, 'List', 'list', 'gallery', 'index'),
(102, 'Backend', 26, 'Create', 'create', 'gallery', 'create'),
(103, 'Backend', 26, 'Update', 'update', 'gallery', 'update'),
(104, 'Backend', 26, 'View', 'view', 'gallery', 'view'),
(105, 'Backend', 26, 'Delete', 'delete', 'gallery', 'delete'),
(106, 'Backend', 26, 'Status', 'status', 'gallery', 'statusupdate'),
(107, 'Backend', 27, 'List', 'list', 'review', 'index'),
(108, 'Backend', 27, 'Create', 'create', 'review', 'create'),
(109, 'Backend', 27, 'Update', 'update', 'review', 'update'),
(110, 'Backend', 27, 'View', 'view', 'review', 'view'),
(111, 'Backend', 27, 'Delete', 'delete', 'review', 'delete'),
(112, 'Backend', 27, 'Status', 'status', 'review', 'statusupdate');

-- --------------------------------------------------------

--
-- Table structure for table `review`
--

CREATE TABLE `review` (
  `id` int(20) NOT NULL,
  `name` varchar(100) NOT NULL,
  `email` varchar(100) NOT NULL,
  `subject` varchar(100) NOT NULL,
  `message` text NOT NULL,
  `rating` int(5) NOT NULL,
  `status` enum('Active','Inactive') NOT NULL DEFAULT 'Active',
  `status_at` datetime DEFAULT NULL,
  `created_at` datetime DEFAULT NULL,
  `updated_at` datetime DEFAULT NULL
) ENGINE=InnoDB DEFAULT CHARSET=utf8mb4;

--
-- Dumping data for table `review`
--

INSERT INTO `review` (`id`, `name`, `email`, `subject`, `message`, `rating`, `status`, `status_at`, `created_at`, `updated_at`) VALUES
(1, 'test', 'test@gmail.com', 'test', 'test t', 2, 'Active', '2021-09-07 00:25:48', '2021-09-07 00:20:12', '2021-09-07 00:25:25'),
(2, 'test2', 'test2@gmail.com', 'test', 'test', 2, 'Active', '2021-09-07 21:37:30', '2021-09-07 21:37:30', '2021-09-07 21:37:30');

-- --------------------------------------------------------

--
-- Table structure for table `role`
--

CREATE TABLE `role` (
  `id` int(20) NOT NULL,
  `status` enum('Active','Inactive') COLLATE utf8_unicode_ci NOT NULL DEFAULT 'Active',
  `status_at` datetime DEFAULT NULL,
  `created_at` datetime DEFAULT NULL,
  `updated_at` datetime DEFAULT NULL,
  `name` varchar(100) COLLATE utf8_unicode_ci NOT NULL,
  `panel` enum('Backend','Frontend') COLLATE utf8_unicode_ci NOT NULL DEFAULT 'Backend'
) ENGINE=InnoDB DEFAULT CHARSET=utf8 COLLATE=utf8_unicode_ci;

--
-- Dumping data for table `role`
--

INSERT INTO `role` (`id`, `status`, `status_at`, `created_at`, `updated_at`, `name`, `panel`) VALUES
(1, 'Active', '2020-05-09 12:05:32', '2020-05-09 12:05:32', '2020-05-09 12:05:32', 'Superadmin', 'Backend'),
(2, 'Active', '2020-05-09 12:05:32', '2020-05-09 12:05:32', '2020-05-09 12:05:32', 'Admin', 'Backend'),
(3, 'Active', '2020-05-09 12:05:32', '2020-05-09 12:05:32', '2020-05-09 12:05:32', 'Subadmin', 'Backend'),
(4, 'Active', '2020-05-09 12:05:32', '2020-05-09 12:05:32', '2020-05-09 12:05:32', 'User', 'Frontend');

-- --------------------------------------------------------

--
-- Table structure for table `role_access`
--

CREATE TABLE `role_access` (
  `id` int(20) NOT NULL,
  `role_id` int(20) NOT NULL,
  `permission_id` int(11) NOT NULL,
  `access` enum('0','1') COLLATE utf8_unicode_ci NOT NULL DEFAULT '0',
  `created_at` datetime DEFAULT NULL
) ENGINE=InnoDB DEFAULT CHARSET=utf8 COLLATE=utf8_unicode_ci;

--
-- Dumping data for table `role_access`
--

INSERT INTO `role_access` (`id`, `role_id`, `permission_id`, `access`, `created_at`) VALUES
(1, 1, 1, '1', '2021-09-06 23:33:20'),
(2, 1, 2, '1', '2021-09-06 23:33:19'),
(3, 1, 3, '1', '2021-09-06 23:33:20'),
(4, 1, 4, '1', '2021-09-06 23:33:20'),
(5, 1, 5, '1', '2021-09-06 23:33:19'),
(6, 1, 6, '1', '2021-09-06 23:33:20'),
(7, 1, 7, '1', '2021-09-06 23:33:20'),
(8, 1, 8, '1', '2021-09-06 23:33:20'),
(9, 1, 9, '1', '2021-09-06 23:33:20'),
(10, 1, 10, '1', '2021-09-06 23:33:20'),
(11, 1, 11, '1', '2021-09-06 23:33:20'),
(12, 1, 12, '1', '2021-09-06 23:33:20'),
(13, 1, 13, '1', '2021-09-06 23:33:20'),
(14, 1, 14, '1', '2021-09-06 23:33:20'),
(15, 1, 15, '1', '2021-09-06 23:33:20'),
(16, 1, 16, '1', '2021-09-06 23:33:20'),
(17, 1, 17, '1', '2021-09-06 23:33:20'),
(18, 1, 18, '1', '2021-09-06 23:33:20'),
(19, 1, 19, '1', '2021-09-06 23:33:20'),
(20, 1, 20, '1', '2021-09-06 23:33:20'),
(21, 1, 21, '1', '2021-09-06 23:33:19'),
(22, 1, 23, '1', '2021-09-06 23:33:20'),
(23, 1, 26, '1', '2021-09-06 23:33:20'),
(24, 1, 22, '1', '2021-09-06 23:33:20'),
(25, 1, 27, '1', '2021-09-06 23:33:20'),
(26, 1, 24, '1', '2021-09-06 23:33:20'),
(27, 1, 25, '1', '2021-09-06 23:33:20'),
(28, 1, 29, '1', '2021-09-06 23:33:20'),
(29, 1, 32, '1', '2021-09-06 23:33:20'),
(30, 1, 28, '1', '2021-09-06 23:33:20'),
(31, 1, 30, '1', '2021-09-06 23:33:20'),
(32, 1, 31, '1', '2021-09-06 23:33:20'),
(33, 1, 34, '1', '2021-09-06 23:33:20'),
(34, 1, 37, '1', '2021-09-06 23:33:20'),
(35, 1, 33, '1', '2021-09-06 23:33:20'),
(36, 1, 38, '1', '2021-09-06 23:33:20'),
(37, 1, 35, '1', '2021-09-06 23:33:20'),
(38, 1, 36, '1', '2021-09-06 23:33:20'),
(39, 1, 40, '0', '2021-09-06 23:33:20'),
(40, 1, 43, '0', '2021-09-06 23:33:20'),
(41, 1, 39, '0', '2021-09-06 23:33:20'),
(42, 1, 44, '0', '2021-09-06 23:33:20'),
(43, 1, 41, '0', '2021-09-06 23:33:20'),
(44, 1, 42, '0', '2021-09-06 23:33:20'),
(45, 1, 46, '1', '2021-09-06 23:33:20'),
(46, 1, 49, '1', '2021-09-06 23:33:20'),
(47, 1, 45, '1', '2021-09-06 23:33:20'),
(48, 1, 50, '1', '2021-09-06 23:33:20'),
(49, 1, 47, '1', '2021-09-06 23:33:20'),
(50, 1, 48, '1', '2021-09-06 23:33:20'),
(53, 1, 54, '1', '2021-09-06 23:33:20'),
(54, 1, 53, '1', '2021-09-06 23:33:20'),
(55, 1, 57, '1', '2021-09-06 23:33:20'),
(56, 1, 58, '1', '2021-09-06 23:33:20'),
(57, 1, 55, '1', '2021-09-06 23:33:20'),
(58, 1, 56, '1', '2021-09-06 23:33:20'),
(59, 1, 60, '1', '2021-09-06 23:33:20'),
(60, 1, 63, '1', '2021-09-06 23:33:20'),
(61, 1, 59, '1', '2021-09-06 23:33:20'),
(62, 1, 64, '1', '2021-09-06 23:33:20'),
(63, 1, 61, '1', '2021-09-06 23:33:20'),
(64, 1, 62, '1', '2021-09-06 23:33:20'),
(65, 1, 66, '1', '2021-09-06 23:33:20'),
(66, 1, 69, '1', '2021-09-06 23:33:20'),
(67, 1, 65, '1', '2021-09-06 23:33:20'),
(68, 1, 70, '1', '2021-09-06 23:33:20'),
(69, 1, 67, '1', '2021-09-06 23:33:20'),
(70, 1, 68, '1', '2021-09-06 23:33:20'),
(71, 1, 72, '1', '2021-09-06 23:33:20'),
(72, 1, 75, '1', '2021-09-06 23:33:20'),
(73, 1, 71, '1', '2021-09-06 23:33:20'),
(74, 1, 76, '1', '2021-09-06 23:33:20'),
(75, 1, 73, '1', '2021-09-06 23:33:20'),
(76, 1, 74, '1', '2021-09-06 23:33:20'),
(77, 1, 78, '0', '2021-09-06 23:33:20'),
(78, 1, 81, '0', '2021-09-06 23:33:20'),
(79, 1, 77, '0', '2021-09-06 23:33:20'),
(80, 1, 82, '0', '2021-09-06 23:33:20'),
(81, 1, 79, '0', '2021-09-06 23:33:20'),
(82, 1, 80, '0', '2021-09-06 23:33:20'),
(83, 1, 84, '1', '2021-09-06 23:33:20'),
(84, 1, 87, '1', '2021-09-06 23:33:20'),
(85, 1, 83, '1', '2021-09-06 23:33:20'),
(86, 1, 88, '1', '2021-09-06 23:33:20'),
(87, 1, 85, '1', '2021-09-06 23:33:20'),
(88, 1, 86, '1', '2021-09-06 23:33:20'),
(89, 1, 90, '1', '2021-09-06 23:33:20'),
(90, 1, 93, '1', '2021-09-06 23:33:20'),
(91, 1, 89, '1', '2021-09-06 23:33:20'),
(92, 1, 94, '1', '2021-09-06 23:33:20'),
(93, 1, 91, '1', '2021-09-06 23:33:20'),
(94, 1, 92, '1', '2021-09-06 23:33:20'),
(95, 1, 96, '1', '2021-09-06 23:33:20'),
(96, 1, 99, '1', '2021-09-06 23:33:20'),
(97, 1, 95, '1', '2021-09-06 23:33:20'),
(98, 1, 100, '1', '2021-09-06 23:33:20'),
(99, 1, 97, '1', '2021-09-06 23:33:20'),
(100, 1, 98, '1', '2021-09-06 23:33:20'),
(101, 1, 102, '1', '2021-09-06 23:33:20'),
(102, 1, 105, '1', '2021-09-06 23:33:20'),
(103, 1, 101, '1', '2021-09-06 23:33:20'),
(104, 1, 106, '1', '2021-09-06 23:33:20'),
(105, 1, 103, '0', '2021-09-06 23:33:20'),
(106, 1, 104, '0', '2021-09-06 23:33:20'),
(107, 1, 108, '1', '2021-09-06 23:33:20'),
(108, 1, 111, '1', '2021-09-06 23:33:20'),
(109, 1, 107, '1', '2021-09-06 23:33:20'),
(110, 1, 112, '1', '2021-09-06 23:33:20'),
(111, 1, 109, '1', '2021-09-06 23:33:20'),
(112, 1, 110, '1', '2021-09-06 23:33:20'),
(113, 2, 21, '1', '2021-09-11 22:27:54'),
(114, 2, 2, '0', '2021-09-11 22:27:54'),
(115, 2, 5, '0', '2021-09-11 22:27:54'),
(116, 2, 18, '0', '2021-09-11 22:27:54'),
(117, 2, 1, '0', '2021-09-11 22:27:54'),
(118, 2, 6, '0', '2021-09-11 22:27:54'),
(119, 2, 3, '0', '2021-09-11 22:27:54'),
(120, 2, 4, '0', '2021-09-11 22:27:54'),
(121, 2, 15, '0', '2021-09-11 22:27:54'),
(122, 2, 17, '0', '2021-09-11 22:27:54'),
(123, 2, 20, '0', '2021-09-11 22:27:54'),
(124, 2, 14, '0', '2021-09-11 22:27:54'),
(125, 2, 16, '0', '2021-09-11 22:27:54'),
(126, 2, 13, '0', '2021-09-11 22:27:54'),
(127, 2, 8, '0', '2021-09-11 22:27:54'),
(128, 2, 11, '0', '2021-09-11 22:27:54'),
(129, 2, 19, '0', '2021-09-11 22:27:54'),
(130, 2, 7, '0', '2021-09-11 22:27:54'),
(131, 2, 12, '0', '2021-09-11 22:27:54'),
(132, 2, 9, '0', '2021-09-11 22:27:54'),
(133, 2, 10, '0', '2021-09-11 22:27:54'),
(134, 2, 23, '0', '2021-09-11 22:27:54'),
(135, 2, 26, '0', '2021-09-11 22:27:54'),
(136, 2, 22, '0', '2021-09-11 22:27:54'),
(137, 2, 27, '0', '2021-09-11 22:27:54'),
(138, 2, 24, '0', '2021-09-11 22:27:54'),
(139, 2, 25, '0', '2021-09-11 22:27:54'),
(140, 2, 40, '0', '2021-09-11 22:27:54'),
(141, 2, 43, '0', '2021-09-11 22:27:54'),
(142, 2, 39, '0', '2021-09-11 22:27:54'),
(143, 2, 44, '0', '2021-09-11 22:27:54'),
(144, 2, 41, '0', '2021-09-11 22:27:54'),
(145, 2, 42, '0', '2021-09-11 22:27:54'),
(146, 2, 29, '0', '2021-09-11 22:27:54'),
(147, 2, 32, '0', '2021-09-11 22:27:54'),
(148, 2, 28, '0', '2021-09-11 22:27:54'),
(149, 2, 30, '0', '2021-09-11 22:27:54'),
(150, 2, 31, '0', '2021-09-11 22:27:54'),
(151, 2, 34, '1', '2021-09-11 22:27:54'),
(152, 2, 37, '1', '2021-09-11 22:27:54'),
(153, 2, 33, '1', '2021-09-11 22:27:54'),
(154, 2, 38, '1', '2021-09-11 22:27:54'),
(155, 2, 35, '1', '2021-09-11 22:27:54'),
(156, 2, 36, '1', '2021-09-11 22:27:54'),
(157, 2, 46, '0', '2021-09-11 22:27:54'),
(158, 2, 49, '0', '2021-09-11 22:27:54'),
(159, 2, 45, '0', '2021-09-11 22:27:54'),
(160, 2, 50, '0', '2021-09-11 22:27:54'),
(161, 2, 47, '0', '2021-09-11 22:27:54'),
(162, 2, 48, '0', '2021-09-11 22:27:54'),
(163, 2, 60, '1', '2021-09-11 22:27:54'),
(164, 2, 63, '1', '2021-09-11 22:27:54'),
(165, 2, 59, '1', '2021-09-11 22:27:54'),
(166, 2, 64, '1', '2021-09-11 22:27:54'),
(167, 2, 61, '1', '2021-09-11 22:27:54'),
(168, 2, 62, '1', '2021-09-11 22:27:54'),
(169, 2, 54, '1', '2021-09-11 22:27:54'),
(170, 2, 57, '1', '2021-09-11 22:27:54'),
(171, 2, 53, '1', '2021-09-11 22:27:54'),
(172, 2, 58, '1', '2021-09-11 22:27:54'),
(173, 2, 55, '1', '2021-09-11 22:27:54'),
(174, 2, 56, '1', '2021-09-11 22:27:54'),
(175, 2, 66, '1', '2021-09-11 22:27:54'),
(176, 2, 69, '1', '2021-09-11 22:27:54'),
(177, 2, 65, '1', '2021-09-11 22:27:54'),
(178, 2, 70, '1', '2021-09-11 22:27:54'),
(179, 2, 67, '1', '2021-09-11 22:27:54'),
(180, 2, 68, '1', '2021-09-11 22:27:54'),
(181, 2, 72, '1', '2021-09-11 22:27:54'),
(182, 2, 75, '1', '2021-09-11 22:27:54'),
(183, 2, 71, '1', '2021-09-11 22:27:54'),
(184, 2, 76, '1', '2021-09-11 22:27:54'),
(185, 2, 73, '1', '2021-09-11 22:27:54'),
(186, 2, 74, '1', '2021-09-11 22:27:54'),
(187, 2, 78, '0', '2021-09-11 22:27:54'),
(188, 2, 81, '0', '2021-09-11 22:27:54'),
(189, 2, 77, '0', '2021-09-11 22:27:54'),
(190, 2, 82, '0', '2021-09-11 22:27:54'),
(191, 2, 79, '0', '2021-09-11 22:27:54'),
(192, 2, 80, '0', '2021-09-11 22:27:54'),
(193, 2, 84, '1', '2021-09-11 22:27:54'),
(194, 2, 87, '1', '2021-09-11 22:27:54'),
(195, 2, 83, '1', '2021-09-11 22:27:54'),
(196, 2, 88, '1', '2021-09-11 22:27:54'),
(197, 2, 85, '1', '2021-09-11 22:27:54'),
(198, 2, 86, '1', '2021-09-11 22:27:54'),
(199, 2, 90, '1', '2021-09-11 22:27:54'),
(200, 2, 93, '1', '2021-09-11 22:27:54'),
(201, 2, 89, '1', '2021-09-11 22:27:54'),
(202, 2, 94, '1', '2021-09-11 22:27:54'),
(203, 2, 91, '1', '2021-09-11 22:27:54'),
(204, 2, 92, '1', '2021-09-11 22:27:54'),
(205, 2, 96, '1', '2021-09-11 22:27:54'),
(206, 2, 99, '1', '2021-09-11 22:27:54'),
(207, 2, 95, '1', '2021-09-11 22:27:54'),
(208, 2, 100, '1', '2021-09-11 22:27:54'),
(209, 2, 97, '1', '2021-09-11 22:27:54'),
(210, 2, 98, '1', '2021-09-11 22:27:54'),
(211, 2, 102, '1', '2021-09-11 22:27:54'),
(212, 2, 105, '1', '2021-09-11 22:27:54'),
(213, 2, 101, '1', '2021-09-11 22:27:54'),
(214, 2, 106, '1', '2021-09-11 22:27:54'),
(215, 2, 103, '0', '2021-09-11 22:27:54'),
(216, 2, 104, '1', '2021-09-11 22:27:54'),
(217, 2, 108, '1', '2021-09-11 22:27:54'),
(218, 2, 111, '1', '2021-09-11 22:27:54'),
(219, 2, 107, '1', '2021-09-11 22:27:54'),
(220, 2, 112, '1', '2021-09-11 22:27:54'),
(221, 2, 109, '1', '2021-09-11 22:27:54'),
(222, 2, 110, '1', '2021-09-11 22:27:54');

-- --------------------------------------------------------

--
-- Table structure for table `templatefield`
--

CREATE TABLE `templatefield` (
  `id` int(20) NOT NULL,
  `email_template_id` int(20) NOT NULL,
  `field` varchar(255) COLLATE utf8_unicode_ci NOT NULL,
  `description` mediumtext COLLATE utf8_unicode_ci NOT NULL,
  `is_default` enum('0','1') COLLATE utf8_unicode_ci NOT NULL DEFAULT '0',
  `created_at` datetime DEFAULT NULL
) ENGINE=InnoDB DEFAULT CHARSET=utf8 COLLATE=utf8_unicode_ci;

--
-- Dumping data for table `templatefield`
--

INSERT INTO `templatefield` (`id`, `email_template_id`, `field`, `description`, `is_default`, `created_at`) VALUES
(1, 1, '{{logo}}', 'Web site logo image required', '1', '2021-05-30 18:38:50'),
(2, 1, '{{site_url}}', 'Web site url example. https://example.com', '1', '2021-05-30 18:38:50'),
(3, 1, '{{site_name}}', 'Web site name required', '1', '2021-05-30 18:38:50'),
(4, 1, '{{site_address}}', 'Web site address or location', '1', '2021-05-30 18:38:50'),
(5, 1, '{{copyright}}', 'copyright text required', '1', '2021-05-30 18:38:50'),
(6, 1, '{{name}}', 'Receive email user name required', '1', '2021-05-30 18:38:50'),
(7, 2, '{{logo}}', 'Web site logo image required', '1', '2021-05-30 18:38:50'),
(8, 2, '{{site_url}}', 'Web site url example. https://example.com', '1', '2021-05-30 18:38:50'),
(9, 2, '{{site_name}}', 'Web site name required', '1', '2021-05-30 18:38:50'),
(10, 2, '{{site_address}}', 'Web site address or location', '1', '2021-05-30 18:38:50'),
(11, 2, '{{copyright}}', 'copyright text required', '1', '2021-05-30 18:38:50'),
(12, 2, '{{name}}', 'Receive email user name required', '1', '2021-05-30 18:38:50'),
(13, 1, '{{action_url}}', 'Web site address or location', '0', '2021-07-17 00:00:00'),
(14, 2, '{{action_url}}', ' Web site address or location\n', '0', '2021-07-18 00:00:00'),
(15, 2, '{{code}}', 'verify email code', '0', '2021-07-18 00:00:00');

--
-- Indexes for dumped tables
--

--
-- Indexes for table `admin`
--
ALTER TABLE `admin`
  ADD PRIMARY KEY (`admin_id`),
  ADD UNIQUE KEY `email_id` (`email_id`),
  ADD UNIQUE KEY `mobile_number` (`mobile_number`),
  ADD UNIQUE KEY `username` (`username`),
  ADD KEY `religion_id` (`religion_id`),
  ADD KEY `role_id` (`role_id`);

--
-- Indexes for table `booking`
--
ALTER TABLE `booking`
  ADD PRIMARY KEY (`id`);

--
-- Indexes for table `booking_items`
--
ALTER TABLE `booking_items`
  ADD PRIMARY KEY (`id`),
  ADD KEY `booking_id` (`booking_id`),
  ADD KEY `item_id` (`item_id`),
  ADD KEY `item_category_id` (`item_category_id`),
  ADD KEY `menu_category_id` (`menu_category_id`),
  ADD KEY `menu_id` (`menu_id`);

--
-- Indexes for table `carousel`
--
ALTER TABLE `carousel`
  ADD PRIMARY KEY (`id`),
  ADD UNIQUE KEY `title` (`title_english`);

--
-- Indexes for table `categories`
--
ALTER TABLE `categories`
  ADD PRIMARY KEY (`id`),
  ADD UNIQUE KEY `english` (`english`);

--
-- Indexes for table `config`
--
ALTER TABLE `config`
  ADD PRIMARY KEY (`id`),
  ADD UNIQUE KEY `name` (`name`);

--
-- Indexes for table `custompages`
--
ALTER TABLE `custompages`
  ADD PRIMARY KEY (`id`),
  ADD UNIQUE KEY `page_name` (`page_name`);

--
-- Indexes for table `email_templates`
--
ALTER TABLE `email_templates`
  ADD PRIMARY KEY (`id`);

--
-- Indexes for table `event_categories`
--
ALTER TABLE `event_categories`
  ADD PRIMARY KEY (`id`),
  ADD UNIQUE KEY `english` (`english`);

--
-- Indexes for table `gallery`
--
ALTER TABLE `gallery`
  ADD PRIMARY KEY (`id`);

--
-- Indexes for table `items`
--
ALTER TABLE `items`
  ADD PRIMARY KEY (`id`),
  ADD UNIQUE KEY `gujarati` (`gujarati`),
  ADD KEY `items_ibfk_1` (`item_category_id`);

--
-- Indexes for table `items_categories`
--
ALTER TABLE `items_categories`
  ADD PRIMARY KEY (`id`),
  ADD UNIQUE KEY `english` (`english`);

--
-- Indexes for table `langs`
--
ALTER TABLE `langs`
  ADD PRIMARY KEY (`id`),
  ADD UNIQUE KEY `lang_key` (`lang_key`);

--
-- Indexes for table `menu`
--
ALTER TABLE `menu`
  ADD PRIMARY KEY (`id`),
  ADD UNIQUE KEY `english` (`english`),
  ADD KEY `menu_category_id` (`menu_category_id`);

--
-- Indexes for table `modules`
--
ALTER TABLE `modules`
  ADD PRIMARY KEY (`id`);

--
-- Indexes for table `permission`
--
ALTER TABLE `permission`
  ADD PRIMARY KEY (`id`),
  ADD KEY `module_id` (`module_id`);

--
-- Indexes for table `review`
--
ALTER TABLE `review`
  ADD PRIMARY KEY (`id`);

--
-- Indexes for table `role`
--
ALTER TABLE `role`
  ADD PRIMARY KEY (`id`);

--
-- Indexes for table `role_access`
--
ALTER TABLE `role_access`
  ADD PRIMARY KEY (`id`),
  ADD KEY `role_id` (`role_id`),
  ADD KEY `permission_id` (`permission_id`);

--
-- Indexes for table `templatefield`
--
ALTER TABLE `templatefield`
  ADD PRIMARY KEY (`id`),
  ADD KEY `email_template_id` (`email_template_id`);

--
-- AUTO_INCREMENT for dumped tables
--

--
-- AUTO_INCREMENT for table `admin`
--
ALTER TABLE `admin`
  MODIFY `admin_id` int(20) NOT NULL AUTO_INCREMENT, AUTO_INCREMENT=3;

--
-- AUTO_INCREMENT for table `booking`
--
ALTER TABLE `booking`
  MODIFY `id` int(11) NOT NULL AUTO_INCREMENT, AUTO_INCREMENT=14;

--
-- AUTO_INCREMENT for table `booking_items`
--
ALTER TABLE `booking_items`
  MODIFY `id` int(20) NOT NULL AUTO_INCREMENT, AUTO_INCREMENT=924;

--
-- AUTO_INCREMENT for table `carousel`
--
ALTER TABLE `carousel`
  MODIFY `id` int(20) NOT NULL AUTO_INCREMENT;

--
-- AUTO_INCREMENT for table `categories`
--
ALTER TABLE `categories`
  MODIFY `id` int(20) NOT NULL AUTO_INCREMENT, AUTO_INCREMENT=29;

--
-- AUTO_INCREMENT for table `config`
--
ALTER TABLE `config`
  MODIFY `id` int(20) NOT NULL AUTO_INCREMENT, AUTO_INCREMENT=18;

--
-- AUTO_INCREMENT for table `custompages`
--
ALTER TABLE `custompages`
  MODIFY `id` int(20) NOT NULL AUTO_INCREMENT, AUTO_INCREMENT=2;

--
-- AUTO_INCREMENT for table `email_templates`
--
ALTER TABLE `email_templates`
  MODIFY `id` int(20) NOT NULL AUTO_INCREMENT, AUTO_INCREMENT=3;

--
-- AUTO_INCREMENT for table `event_categories`
--
ALTER TABLE `event_categories`
  MODIFY `id` int(20) NOT NULL AUTO_INCREMENT, AUTO_INCREMENT=5;

--
-- AUTO_INCREMENT for table `gallery`
--
ALTER TABLE `gallery`
  MODIFY `id` int(20) NOT NULL AUTO_INCREMENT, AUTO_INCREMENT=27;

--
-- AUTO_INCREMENT for table `items`
--
ALTER TABLE `items`
  MODIFY `id` int(20) NOT NULL AUTO_INCREMENT, AUTO_INCREMENT=552;

--
-- AUTO_INCREMENT for table `items_categories`
--
ALTER TABLE `items_categories`
  MODIFY `id` int(20) NOT NULL AUTO_INCREMENT, AUTO_INCREMENT=8;

--
-- AUTO_INCREMENT for table `langs`
--
ALTER TABLE `langs`
  MODIFY `id` int(20) NOT NULL AUTO_INCREMENT;

--
-- AUTO_INCREMENT for table `menu`
--
ALTER TABLE `menu`
  MODIFY `id` int(20) NOT NULL AUTO_INCREMENT, AUTO_INCREMENT=169;

--
-- AUTO_INCREMENT for table `modules`
--
ALTER TABLE `modules`
  MODIFY `id` int(20) NOT NULL AUTO_INCREMENT, AUTO_INCREMENT=28;

--
-- AUTO_INCREMENT for table `permission`
--
ALTER TABLE `permission`
  MODIFY `id` int(20) NOT NULL AUTO_INCREMENT, AUTO_INCREMENT=113;

--
-- AUTO_INCREMENT for table `review`
--
ALTER TABLE `review`
  MODIFY `id` int(20) NOT NULL AUTO_INCREMENT, AUTO_INCREMENT=3;

--
-- AUTO_INCREMENT for table `role`
--
ALTER TABLE `role`
  MODIFY `id` int(20) NOT NULL AUTO_INCREMENT, AUTO_INCREMENT=5;

--
-- AUTO_INCREMENT for table `role_access`
--
ALTER TABLE `role_access`
  MODIFY `id` int(20) NOT NULL AUTO_INCREMENT, AUTO_INCREMENT=223;

--
-- AUTO_INCREMENT for table `templatefield`
--
ALTER TABLE `templatefield`
  MODIFY `id` int(20) NOT NULL AUTO_INCREMENT, AUTO_INCREMENT=16;

--
-- Constraints for dumped tables
--

--
-- Constraints for table `admin`
--
ALTER TABLE `admin`
  ADD CONSTRAINT `admin_ibfk_1` FOREIGN KEY (`role_id`) REFERENCES `role` (`id`) ON DELETE SET NULL ON UPDATE CASCADE;

--
-- Constraints for table `booking_items`
--
ALTER TABLE `booking_items`
  ADD CONSTRAINT `booking_items_ibfk_1` FOREIGN KEY (`booking_id`) REFERENCES `booking` (`id`) ON DELETE CASCADE ON UPDATE CASCADE,
  ADD CONSTRAINT `booking_items_ibfk_3` FOREIGN KEY (`item_id`) REFERENCES `items` (`id`) ON DELETE CASCADE ON UPDATE CASCADE,
  ADD CONSTRAINT `booking_items_ibfk_4` FOREIGN KEY (`item_category_id`) REFERENCES `items_categories` (`id`) ON DELETE CASCADE ON UPDATE CASCADE,
  ADD CONSTRAINT `booking_items_ibfk_5` FOREIGN KEY (`menu_category_id`) REFERENCES `categories` (`id`) ON DELETE CASCADE ON UPDATE CASCADE,
  ADD CONSTRAINT `booking_items_ibfk_6` FOREIGN KEY (`menu_id`) REFERENCES `menu` (`id`) ON DELETE CASCADE ON UPDATE CASCADE;

--
-- Constraints for table `items`
--
ALTER TABLE `items`
  ADD CONSTRAINT `items_ibfk_1` FOREIGN KEY (`item_category_id`) REFERENCES `items_categories` (`id`) ON DELETE CASCADE ON UPDATE CASCADE;

--
-- Constraints for table `menu`
--
ALTER TABLE `menu`
  ADD CONSTRAINT `menu_ibfk_1` FOREIGN KEY (`menu_category_id`) REFERENCES `categories` (`id`) ON DELETE CASCADE ON UPDATE CASCADE;

--
-- Constraints for table `permission`
--
ALTER TABLE `permission`
  ADD CONSTRAINT `permission_ibfk_1` FOREIGN KEY (`module_id`) REFERENCES `modules` (`id`) ON DELETE CASCADE ON UPDATE CASCADE;

--
-- Constraints for table `role_access`
--
ALTER TABLE `role_access`
  ADD CONSTRAINT `role_access_ibfk_1` FOREIGN KEY (`role_id`) REFERENCES `role` (`id`) ON DELETE CASCADE ON UPDATE CASCADE,
  ADD CONSTRAINT `role_access_ibfk_2` FOREIGN KEY (`permission_id`) REFERENCES `permission` (`id`) ON DELETE CASCADE ON UPDATE CASCADE;

--
-- Constraints for table `templatefield`
--
ALTER TABLE `templatefield`
  ADD CONSTRAINT `templatefield_ibfk_1` FOREIGN KEY (`email_template_id`) REFERENCES `email_templates` (`id`) ON DELETE CASCADE ON UPDATE CASCADE;
COMMIT;

/*!40101 SET CHARACTER_SET_CLIENT=@OLD_CHARACTER_SET_CLIENT */;
/*!40101 SET CHARACTER_SET_RESULTS=@OLD_CHARACTER_SET_RESULTS */;
/*!40101 SET COLLATION_CONNECTION=@OLD_COLLATION_CONNECTION */;
